{
"type": "FeatureCollection",
"name": "mask_quezon_city_epsg4326",
"crs": { "type": "name", "properties": { "name": "urn:ogc:def:crs:OGC:1.3:CRS84" } },
"features": [
{ "type": "Feature", "properties": { "fid": 1, "id": 1288, "adm1_psgc": 1300000000, "adm2_psgc": 1381300000, "adm3_psgc": 1381300000, "adm3_en": "Quezon City", "geo_level": "City", "len_crs": 84594, "area_crs": 162484613, "len_km": 84, "area_km2": 162.0 }, "geometry": { "type": "MultiPolygon", "coordinates": [ [ [ [ 121.12562594200007, 14.717823816000077 ], [ 121.125346388000025, 14.717866671000023 ], [ 121.125052885000045, 14.717664995000067 ], [ 121.124829493000107, 14.717287070000053 ], [ 121.124676036000096, 14.716833780000057 ], [ 121.124732847000018, 14.716399626000053 ], [ 121.124969558000103, 14.716218207000054 ], [ 121.125034774000028, 14.715853387000037 ], [ 121.125159498000016, 14.715554877000042 ], [ 121.125039530000095, 14.715055805000077 ], [ 121.124941243000066, 14.714156235000075 ], [ 121.124903922000044, 14.713807900000061 ], [ 121.124916362000022, 14.712899741000054 ], [ 121.124804398000038, 14.711867176000055 ], [ 121.124829279000096, 14.711158066000053 ], [ 121.124841719000059, 14.71012550100005 ], [ 121.124667552, 14.709403950000025 ], [ 121.124617789000013, 14.708744602000021 ], [ 121.124393860000069, 14.70822209900007 ], [ 121.124182371000074, 14.707749359000044 ], [ 121.123759392000011, 14.707338821000066 ], [ 121.123249330000021, 14.70723929700006 ], [ 121.122813912000083, 14.707289059000066 ], [ 121.122577541000041, 14.707488107000076 ], [ 121.122403374000115, 14.707811561000028 ], [ 121.122527779000038, 14.708122575000063 ], [ 121.122726828000054, 14.708433588000045 ], [ 121.12280147100013, 14.708744602000024 ], [ 121.122813912000083, 14.708993412000041 ], [ 121.122813912000083, 14.709291985000053 ], [ 121.122627303000044, 14.709491034000049 ], [ 121.122266528000068, 14.709627880000028 ], [ 121.121930633000048, 14.709677642000031 ], [ 121.12160717900008, 14.709491034000049 ], [ 121.121552018000116, 14.710533670000068 ], [ 121.119771863000082, 14.711820449000072 ], [ 121.117912549000039, 14.712185830000061 ], [ 121.115992428000013, 14.709234545000077 ], [ 121.116458948000059, 14.706681388000055 ], [ 121.116405837000116, 14.705626875000062 ], [ 121.116963748000103, 14.704816305000065 ], [ 121.117699175000112, 14.704093591000055 ], [ 121.118139140000039, 14.703424914000038 ], [ 121.118815475, 14.703031481000037 ], [ 121.119367883000109, 14.702673619000054 ], [ 121.119629134000078, 14.702188438000064 ], [ 121.119940147000094, 14.701939628000048 ], [ 121.120251161000056, 14.701790341000052 ], [ 121.120437769000105, 14.701429566000058 ], [ 121.120375566000021, 14.700720455000068 ], [ 121.120213839000016, 14.700036225000076 ], [ 121.120213839000016, 14.699414198000053 ], [ 121.120176518000108, 14.698991220000037 ], [ 121.120101874000056, 14.698593123000025 ], [ 121.119902826000043, 14.698381634000043 ], [ 121.119641575000074, 14.698107942000036 ], [ 121.119143953000048, 14.697734726000022 ], [ 121.118870261000097, 14.697485915000071 ], [ 121.11854680700003, 14.697461034000069 ], [ 121.118123829000083, 14.697461034000073 ], [ 121.117414718000063, 14.697560558000079 ], [ 121.116593643000101, 14.697809369000021 ], [ 121.116381533000094, 14.697856356000045 ], [ 121.116165507000105, 14.697907944000063 ], [ 121.116055881000079, 14.697927290000058 ], [ 121.115855976000049, 14.697940187000027 ], [ 121.115678641000045, 14.697924066000041 ], [ 121.115498082000045, 14.69787892600004 ], [ 121.115343316000022, 14.697856356000045 ], [ 121.115185327000077, 14.697833786000048 ], [ 121.114888694000129, 14.697811216000048 ], [ 121.114785517000087, 14.697846683000021 ], [ 121.114675891000033, 14.697843459000072 ], [ 121.114395380000019, 14.697727385000059 ], [ 121.113947205000045, 14.697485564000033 ], [ 121.113437069000042, 14.697157202000025 ], [ 121.112349828000106, 14.696629890000059 ], [ 121.112276440000088, 14.696586400000053 ], [ 121.11223023200013, 14.696540192000043 ], [ 121.112194896, 14.696474958000067 ], [ 121.112167715000055, 14.696393415000045 ], [ 121.112110635000022, 14.696317308000062 ], [ 121.11205219600005, 14.696275177000071 ], [ 121.111803490000042, 14.696136554000079 ], [ 121.111677098000072, 14.696046857000056 ], [ 121.111611863, 14.69595308200007 ], [ 121.111538475000089, 14.695822613000077 ], [ 121.111469163000052, 14.695667682000019 ], [ 121.111440623000021, 14.695435284000039 ], [ 121.11143654600005, 14.695039800000073 ], [ 121.111441982000102, 14.694822352000072 ], [ 121.111444700000121, 14.694743527000071 ], [ 121.111458291000076, 14.694645675000059 ], [ 121.111466445000019, 14.69454510500003 ], [ 121.111466445000019, 14.694449972000031 ], [ 121.111444700000121, 14.694382019000043 ], [ 121.111414801000024, 14.694281449000075 ], [ 121.111390338000092, 14.694150980000074 ], [ 121.111363157000028, 14.694017793000057 ], [ 121.111349567000048, 14.693585615000073 ], [ 121.111335731000054, 14.692746822000059 ], [ 121.111331344000064, 14.69266770400003 ], [ 121.111302738000063, 14.692184013000034 ], [ 121.111238364000087, 14.691598691000024 ], [ 121.111148573000037, 14.690958929000033 ], [ 121.111137349000046, 14.690639048000039 ], [ 121.111154185000018, 14.690319168000029 ], [ 121.111188201000132, 14.689695059000027 ], [ 121.111180515000129, 14.689437899000042 ], [ 121.111183116000021, 14.689331279000047 ], [ 121.111190917000044, 14.689190852000023 ], [ 121.111198719000058, 14.689086833000033 ], [ 121.111211721000018, 14.688998416000064 ], [ 121.111253329000078, 14.688860590000049 ], [ 121.111323542000036, 14.688668154000023 ], [ 121.111419760000118, 14.688421108000055 ], [ 121.11151532800011, 14.688109049000047 ], [ 121.111538733000089, 14.688042737000044 ], [ 121.111546534000027, 14.687980325000071 ], [ 121.111558236000064, 14.68790621100004 ], [ 121.111569938000116, 14.687828197000041 ], [ 121.111651854000115, 14.687484932000075 ], [ 121.111718166000074, 14.687204080000075 ], [ 121.111749372000091, 14.687059753000032 ], [ 121.111776677000094, 14.686860815000049 ], [ 121.1118351880001, 14.686412231000077 ], [ 121.111846890000038, 14.686322515000031 ], [ 121.111878096000055, 14.68614308100007 ], [ 121.111967813000092, 14.685788114000044 ], [ 121.11201787200001, 14.685699698000064 ], [ 121.11207248300002, 14.685600879000049 ], [ 121.112111490000075, 14.685491659000038 ], [ 121.112145296000108, 14.685361634000065 ], [ 121.112168701000101, 14.685239411000055 ], [ 121.112173902000109, 14.685070380000068 ], [ 121.112179103000017, 14.684955958000048 ], [ 121.112176502000025, 14.68488834600004 ], [ 121.112176502000025, 14.684812931000069 ], [ 121.112168701000101, 14.684747919000074 ], [ 121.112134894000064, 14.684617895000027 ], [ 121.112051679000047, 14.684391652000045 ], [ 121.11202047300003, 14.684300635000053 ], [ 121.111952860000088, 14.684100398000059 ], [ 121.111916453000063, 14.683993778000055 ], [ 121.111861843000042, 14.683871555000053 ], [ 121.111786429000077, 14.683757134000075 ], [ 121.111705814000075, 14.683642712000054 ], [ 121.111573454000123, 14.683477865000041 ], [ 121.111435082000071, 14.683271844000048 ], [ 121.111327459000094, 14.683105797000055 ], [ 121.111192161000091, 14.682829053000031 ], [ 121.110676021000032, 14.681533717000033 ], [ 121.11059280500001, 14.681286670000079 ], [ 121.110542557000031, 14.681152381000064 ], [ 121.110413372000039, 14.680883595000065 ], [ 121.110288548000099, 14.680571536000054 ], [ 121.109691762000011, 14.679455114000056 ], [ 121.109543994000106, 14.679243672000045 ], [ 121.109387172000083, 14.678963853000026 ], [ 121.109299063000094, 14.678779800000028 ], [ 121.10919764400002, 14.678522352000069 ], [ 121.109150835000051, 14.67839492800004 ], [ 121.109031212000104, 14.678153083000041 ], [ 121.108820573000116, 14.677750007000045 ], [ 121.108612534000017, 14.677401542000043 ], [ 121.108373289000042, 14.677084282000063 ], [ 121.107871395000089, 14.676587589000068 ], [ 121.107515128000045, 14.676210519000048 ], [ 121.107400707, 14.676096097000027 ], [ 121.107229075000078, 14.675955671000054 ], [ 121.107049641000117, 14.675776237000036 ], [ 121.106927418000055, 14.675643612000046 ], [ 121.106766188000051, 14.675521389000039 ], [ 121.106702343000066, 14.675499389000038 ], [ 121.106326705000015, 14.675370561000015 ], [ 121.106129068000087, 14.675318551000029 ], [ 121.105913228000063, 14.675253539000035 ], [ 121.105744196000046, 14.675188527000042 ], [ 121.105546559000118, 14.675087108000067 ], [ 121.10535932400002, 14.674975287000056 ], [ 121.105237101000057, 14.67489727200007 ], [ 121.105068069000041, 14.674782851000028 ], [ 121.10501345900002, 14.67473604200006 ], [ 121.104677996000078, 14.674293959000066 ], [ 121.104485560000057, 14.673989702000032 ], [ 121.104248916000074, 14.673685445000048 ], [ 121.104157899000043, 14.673581426000055 ], [ 121.103988867000112, 14.673388990000031 ], [ 121.103669007000022, 14.672993715000075 ], [ 121.103289336000103, 14.672491821000056 ], [ 121.103260731000105, 14.672411206000049 ], [ 121.103146309000067, 14.672265579000056 ], [ 121.10296427500009, 14.672062741000046 ], [ 121.102666348000071, 14.671673365000061 ], [ 121.102459780000117, 14.671449026000063 ], [ 121.102339496000013, 14.671335135000048 ], [ 121.102293349000078, 14.671290396000067 ], [ 121.10204370200006, 14.671126565000062 ], [ 121.101812259000113, 14.670993941000068 ], [ 121.101560012000064, 14.670874318000074 ], [ 121.101333769, 14.670754696000072 ], [ 121.101034713000104, 14.670629872000063 ], [ 121.100829275, 14.670557059000028 ], [ 121.100623836000068, 14.670445238000072 ], [ 121.100501613, 14.670369824000028 ], [ 121.100381991000063, 14.670294409000066 ], [ 121.100272770000061, 14.670226797000051 ], [ 121.100103739000019, 14.670096772000026 ], [ 121.099768276000091, 14.669753508000039 ], [ 121.099626681, 14.669651418000056 ], [ 121.099352863000036, 14.669188788000039 ], [ 121.099121009000115, 14.668785659000038 ], [ 121.099067478000066, 14.668692585000027 ], [ 121.098716535000122, 14.667998649000026 ], [ 121.098616266, 14.667636759000061 ], [ 121.098643262000095, 14.667319639000029 ], [ 121.09868954, 14.667103251000077 ], [ 121.09882837300006, 14.666815977000057 ], [ 121.098847655000085, 14.666532434000031 ], [ 121.098828372000057, 14.666110849000061 ], [ 121.098720390000054, 14.66585715000002 ], [ 121.098504425000101, 14.665435561000034 ], [ 121.098469813000051, 14.665197744000068 ], [ 121.098463663000089, 14.664942440000067 ], [ 121.098401202000119, 14.664806655000065 ], [ 121.097988414000042, 14.663905039000035 ], [ 121.097726008000109, 14.663973611000074 ], [ 121.096137319000036, 14.666350535000049 ], [ 121.095274219000089, 14.667778743000047 ], [ 121.095215362000076, 14.667784628000051 ], [ 121.091804815000046, 14.664279691000052 ], [ 121.090647950000076, 14.663243900000053 ], [ 121.090337314000067, 14.662971301000022 ], [ 121.089760195000053, 14.662515672000044 ], [ 121.089374091000096, 14.660735817000045 ], [ 121.089187467000102, 14.659933092000076 ], [ 121.089187414000094, 14.659788338000052 ], [ 121.08907347100002, 14.658183266000037 ], [ 121.089019057000087, 14.657333651000044 ], [ 121.089018281000108, 14.657322060000068 ], [ 121.088618578000023, 14.656868738000068 ], [ 121.088589432000049, 14.656812267000079 ], [ 121.088531139000111, 14.656675644000076 ], [ 121.088505636000036, 14.656610065000049 ], [ 121.088491063000106, 14.656548130000033 ], [ 121.088483620000034, 14.656500482000069 ], [ 121.088774449000084, 14.656222230000026 ], [ 121.088925701000107, 14.656045778000077 ], [ 121.088944742000066, 14.656023565000051 ], [ 121.088317811000039, 14.65411616000006 ], [ 121.088035396, 14.654356698000067 ], [ 121.087512770000103, 14.652564605000064 ], [ 121.087498383000039, 14.652524322000035 ], [ 121.087485435000062, 14.652489794000076 ], [ 121.087335812000106, 14.65224377800007 ], [ 121.087126192000014, 14.652388823000022 ], [ 121.08587260100002, 14.653256231000059 ], [ 121.085830879000028, 14.653282127000068 ], [ 121.085789158000026, 14.653305146000037 ], [ 121.085366427000054, 14.653526384000029 ], [ 121.085359452000048, 14.653382296000068 ], [ 121.085369136000068, 14.653237039000034 ], [ 121.085398187000024, 14.65311114900004 ], [ 121.085424011000114, 14.653020766000052 ], [ 121.08545306200007, 14.652904561000069 ], [ 121.085478886000033, 14.65282709000007 ], [ 121.085501481000065, 14.652697972000059 ], [ 121.085478886000033, 14.652575310000032 ], [ 121.085424011000114, 14.652452649000054 ], [ 121.085349768000015, 14.652326759000063 ], [ 121.085262614000044, 14.652200869000072 ], [ 121.085172231000115, 14.652107259000047 ], [ 121.085130599000081, 14.652088141000036 ], [ 121.085107726000047, 14.65207724000004 ], [ 121.085397062000098, 14.651935223000068 ], [ 121.085403595000116, 14.651902038000058 ], [ 121.085437191000096, 14.651736472000039 ], [ 121.085420540000072, 14.651657382000053 ], [ 121.085399727000095, 14.651603269000073 ], [ 121.085345614000062, 14.651544993000071 ], [ 121.085295663, 14.651511692000048 ], [ 121.085229061000078, 14.651478391000067 ], [ 121.085016349000057, 14.651473997000041 ], [ 121.084975143000051, 14.65147422900003 ], [ 121.085446578000074, 14.650941049000039 ], [ 121.085525346000068, 14.650841060000058 ], [ 121.085572823000021, 14.650772003000043 ], [ 121.085596561000088, 14.65073315900003 ], [ 121.08561166700008, 14.650694314000081 ], [ 121.085682882000029, 14.650325291000062 ], [ 121.085778435000066, 14.64986544400006 ], [ 121.085855524000067, 14.649494450000077 ], [ 121.085866315000089, 14.649442658000053 ], [ 121.085883579000082, 14.649399497000044 ], [ 121.085900843000118, 14.649373601000033 ], [ 121.085924581000086, 14.649341230000063 ], [ 121.086043273000087, 14.649272174000032 ], [ 121.086259076000033, 14.649159956000064 ], [ 121.086548251000082, 14.649034790000032 ], [ 121.086723052000025, 14.648982998000069 ], [ 121.086759738000069, 14.648974366000061 ], [ 121.086800741000047, 14.648939837000057 ], [ 121.08681584700004, 14.648907467000074 ], [ 121.086828795000102, 14.648853516000035 ], [ 121.086846059000095, 14.648812514000037 ], [ 121.086867640000051, 14.648782301000034 ], [ 121.086917274000029, 14.648734824000027 ], [ 121.087046756000063, 14.648607501000072 ], [ 121.087117971000112, 14.648566498000037 ], [ 121.087202134000108, 14.648544918000029 ], [ 121.08735535400001, 14.648503915000051 ], [ 121.087424411000015, 14.648471545000064 ], [ 121.087454623000113, 14.648445649000056 ], [ 121.087474046000011, 14.648406804000048 ], [ 121.087489152000103, 14.648326957000045 ], [ 121.087499942000022, 14.648279481000033 ], [ 121.087506416000096, 14.64822768800008 ], [ 121.08750857400004, 14.648091732000061 ], [ 121.087512890000099, 14.647981673000061 ], [ 121.087532312, 14.64789751000006 ], [ 121.087581209000078, 14.647761274000059 ], [ 121.087555938000023, 14.647750542000038 ], [ 121.087323646000073, 14.647647032000071 ], [ 121.087284181000101, 14.647630415000036 ], [ 121.087250947000015, 14.647607566000035 ], [ 121.087230175000059, 14.647572255000055 ], [ 121.08710472000007, 14.647193488000026 ], [ 121.087144213000101, 14.647015769000067 ], [ 121.087307570000021, 14.646470049000071 ], [ 121.087298695000072, 14.646448988000031 ], [ 121.087569565000081, 14.645769101000045 ], [ 121.087709424000082, 14.64482326500007 ], [ 121.08711539400008, 14.644703144000056 ], [ 121.086922746000027, 14.644664188000036 ], [ 121.086403152000102, 14.644559119000066 ], [ 121.085777662000055, 14.644432676000068 ], [ 121.085721166000098, 14.644415292000076 ], [ 121.085686398, 14.644397908000027 ], [ 121.085658150000086, 14.644371833000037 ], [ 121.08541695100007, 14.643680831000037 ], [ 121.085065095000118, 14.643598964000036 ], [ 121.084893436000016, 14.643571583000041 ], [ 121.08482498300009, 14.643566317000019 ], [ 121.084751265000037, 14.643567370000024 ], [ 121.084660697000118, 14.643583167000036 ], [ 121.084633731000068, 14.643590266000048 ], [ 121.084511680000091, 14.643622396000072 ], [ 121.084178367000064, 14.643731657000043 ], [ 121.08413834800001, 14.643741135000027 ], [ 121.08407305500009, 14.643752720000068 ], [ 121.083700513000068, 14.64383407300005 ], [ 121.083700108, 14.643832535000058 ], [ 121.083675238000069, 14.643738239000074 ], [ 121.083620476000078, 14.643557102000042 ], [ 121.083582117000105, 14.643567607000019 ], [ 121.083309845000031, 14.643659591000079 ], [ 121.083151737000108, 14.643239819000023 ], [ 121.083009640000114, 14.643062685000077 ], [ 121.082787736000128, 14.642827155000077 ], [ 121.082570788000112, 14.642605847000024 ], [ 121.082226181000024, 14.642168659000045 ], [ 121.082213381000088, 14.642105106000031 ], [ 121.082318453000099, 14.641747359000025 ], [ 121.082384279000053, 14.641582793000055 ], [ 121.082507704000022, 14.641327715000042 ], [ 121.082329424000022, 14.64103149500005 ], [ 121.082320626000069, 14.640910976000043 ], [ 121.082312188000046, 14.640837846000069 ], [ 121.082278436000024, 14.640697212000076 ], [ 121.082057118000066, 14.640087651000041 ], [ 121.082009543000026, 14.640011003000041 ], [ 121.081848319000073, 14.639918497000055 ], [ 121.08175317000007, 14.639749343000064 ], [ 121.081531156000096, 14.639469182000028 ], [ 121.081528512000077, 14.639122946000045 ], [ 121.080997264000089, 14.638737064000056 ], [ 121.080018272000061, 14.637886251000053 ], [ 121.079891701000051, 14.637883438000078 ], [ 121.079767942000117, 14.637863750000067 ], [ 121.079285630000072, 14.637033778000042 ], [ 121.079047009000078, 14.636471510000034 ], [ 121.078807870000119, 14.636295921000057 ], [ 121.077261464000117, 14.635160464000021 ], [ 121.077265662000073, 14.634906037000064 ], [ 121.077271355000107, 14.634561055000066 ], [ 121.077272435000069, 14.634521398000059 ], [ 121.077626253000076, 14.634513170000048 ], [ 121.077607053000079, 14.634134667000071 ], [ 121.077236779000046, 14.633811020000049 ], [ 121.077294377000044, 14.633736965000027 ], [ 121.07728066300001, 14.633007388000065 ], [ 121.077102383000025, 14.633001902000046 ], [ 121.077330531000044, 14.632657461000068 ], [ 121.077320891000113, 14.632585154000026 ], [ 121.077266259000098, 14.632442148000051 ], [ 121.077211627000111, 14.632302355000034 ], [ 121.077200324000046, 14.63227434200007 ], [ 121.077174671000094, 14.632210766000064 ], [ 121.077237816000093, 14.632113625000047 ], [ 121.077545889000035, 14.631639688000066 ], [ 121.077557236000061, 14.631605649000052 ], [ 121.077551562000053, 14.631554590000064 ], [ 121.077495279000132, 14.63128534300006 ], [ 121.077446609000049, 14.631052516000072 ], [ 121.077404060000063, 14.630913523000062 ], [ 121.077154441000062, 14.630272456000053 ], [ 121.07701261200009, 14.629991634000081 ], [ 121.076980516000049, 14.629859027000068 ], [ 121.076904822000074, 14.629546291000052 ], [ 121.076802210000096, 14.62949286200006 ], [ 121.076269655000033, 14.629215568000067 ], [ 121.075843941000031, 14.628993158000068 ], [ 121.075807771000072, 14.628981286000057 ], [ 121.075729765, 14.628955683000076 ], [ 121.075446482000075, 14.62887306600004 ], [ 121.074888013000091, 14.628681134000033 ], [ 121.07451836000007, 14.628581110000027 ], [ 121.0744057940001, 14.628550651000067 ], [ 121.074397285000018, 14.628479737000074 ], [ 121.074380265000073, 14.628329398000064 ], [ 121.074448033000067, 14.627984912000043 ], [ 121.074550460000069, 14.627464241000038 ], [ 121.074615701000084, 14.627183419000062 ], [ 121.074670281000067, 14.626942124000035 ], [ 121.074805308000023, 14.626349107000065 ], [ 121.074968933000036, 14.625559011000066 ], [ 121.075045641000088, 14.625175071000061 ], [ 121.074961800000111, 14.625156779000061 ], [ 121.074939033000078, 14.625152186000033 ], [ 121.074923690000119, 14.625149157000065 ], [ 121.07489076100002, 14.625142732000031 ], [ 121.074898741000084, 14.625104431000064 ], [ 121.07485493500009, 14.62495111000004 ], [ 121.074833032000015, 14.624783187000045 ], [ 121.074851343000091, 14.624477300000025 ], [ 121.075035299000092, 14.624228419000072 ], [ 121.075324662000071, 14.623875137000027 ], [ 121.075326227000119, 14.623873226000054 ], [ 121.07532326400009, 14.623866677000027 ], [ 121.075295039000039, 14.623804293000035 ], [ 121.07527114200002, 14.623751475000061 ], [ 121.075274402000119, 14.623751713000045 ], [ 121.075293758000029, 14.623766922000074 ], [ 121.075311992000024, 14.623782232000051 ], [ 121.075366835000082, 14.623738643000028 ], [ 121.075964495000107, 14.622762136000059 ], [ 121.076483738000093, 14.62181915000002 ], [ 121.076490208000124, 14.621663433000039 ], [ 121.076493991, 14.621266312000042 ], [ 121.076448605000095, 14.620910794000055 ], [ 121.076531812000113, 14.620871082000065 ], [ 121.076478598000094, 14.62078331400005 ], [ 121.076429762000089, 14.620801306000036 ], [ 121.076127126000074, 14.62024514300003 ], [ 121.075536455000034, 14.619686231000056 ], [ 121.075693651000051, 14.619600866000045 ], [ 121.076385492000114, 14.61916487600007 ], [ 121.076664548000039, 14.619005764000065 ], [ 121.077516907000032, 14.618604838000065 ], [ 121.077584501000047, 14.618584958000044 ], [ 121.077641160000098, 14.618569053000041 ], [ 121.077662035000117, 14.618602850000055 ], [ 121.078018354000065, 14.618494810000072 ], [ 121.078189110000039, 14.61841284700006 ], [ 121.079030231000061, 14.617969850000065 ], [ 121.078705417000052, 14.617333060000021 ], [ 121.078636694000011, 14.617148159000068 ], [ 121.078551235000091, 14.616963022000048 ], [ 121.078345658000089, 14.616037926000047 ], [ 121.078363915000082, 14.615507210000033 ], [ 121.078364347000033, 14.615291516000065 ], [ 121.078376512000091, 14.615227288000032 ], [ 121.078405501, 14.615109122000041 ], [ 121.078530677000117, 14.614598889000034 ], [ 121.078682101000027, 14.614244911000068 ], [ 121.078869879000081, 14.613766303000032 ], [ 121.079361550000058, 14.612975404000057 ], [ 121.079612582000095, 14.612652648000051 ], [ 121.080263042000055, 14.612115903000069 ], [ 121.081281593000099, 14.611338634000045 ], [ 121.081700252, 14.611019569000065 ], [ 121.082301317000102, 14.610584207000045 ], [ 121.082593901000124, 14.610374668000075 ], [ 121.083028777000109, 14.610069389000044 ], [ 121.0835789570001, 14.609692686000075 ], [ 121.084687795000036, 14.608821582000068 ], [ 121.085604801000045, 14.608248852000033 ], [ 121.085835147000012, 14.608057037000037 ], [ 121.087213706000057, 14.606908353000051 ], [ 121.087778212000089, 14.606448946000059 ], [ 121.088134791, 14.606068595000069 ], [ 121.088324967000062, 14.605450524000045 ], [ 121.08844382700012, 14.605141488000074 ], [ 121.088681547000093, 14.604547189000071 ], [ 121.089083747000018, 14.603810094000037 ], [ 121.089418478000084, 14.603120871000046 ], [ 121.089775057000125, 14.602669203000062 ], [ 121.09006032100001, 14.602217536000072 ], [ 121.090345585000023, 14.60169455200003 ], [ 121.09048821600004, 14.601147797000063 ], [ 121.090511988000117, 14.600363322000018 ], [ 121.090416900000051, 14.599982971000024 ], [ 121.090226725000093, 14.599483759000066 ], [ 121.089989005000021, 14.599246040000027 ], [ 121.089584882000054, 14.599055864000034 ], [ 121.089061898000068, 14.599008320000054 ], [ 121.088562687000021, 14.599032092000073 ], [ 121.088134791, 14.599198496000042 ], [ 121.087754440000026, 14.599483759000059 ], [ 121.087445404000064, 14.599864111000048 ], [ 121.08739786000001, 14.600292006000073 ], [ 121.08727900100007, 14.60086253400004 ], [ 121.087112597000086, 14.601290429000066 ], [ 121.086684701000067, 14.601884728000073 ], [ 121.086161718000071, 14.602502799000028 ], [ 121.0855674190001, 14.602978239000036 ], [ 121.084973119000097, 14.603263502000061 ], [ 121.084307504000094, 14.603406134000069 ], [ 121.083784521000098, 14.603453678000054 ], [ 121.083261538000102, 14.603382362000053 ], [ 121.08280987, 14.603097099000028 ], [ 121.082595923000099, 14.602764291000025 ], [ 121.082538600000021, 14.602592321000031 ], [ 121.082405747000053, 14.602193764000051 ], [ 121.082334431000064, 14.601528149000043 ], [ 121.082381975000075, 14.601005165000064 ], [ 121.082405747000053, 14.600339550000061 ], [ 121.08255804800001, 14.599221817000057 ], [ 121.082352903000015, 14.596744938000025 ], [ 121.082271943000038, 14.595044767000047 ], [ 121.082353436000076, 14.593288086000028 ], [ 121.082461268000088, 14.592588593000073 ], [ 121.082749387000021, 14.591452944000025 ], [ 121.08304477700004, 14.590232025000034 ], [ 121.082312067000103, 14.590082692000069 ], [ 121.081073851000042, 14.58983312900005 ], [ 121.079883629000051, 14.589722746000067 ], [ 121.079869231000089, 14.590082692000072 ], [ 121.079845235000121, 14.590701800000033 ], [ 121.079796694000038, 14.591924165000023 ], [ 121.079621224000107, 14.591947367000051 ], [ 121.079300324000087, 14.592109551000023 ], [ 121.079123490000043, 14.59235703200005 ], [ 121.079062047000107, 14.592483588000052 ], [ 121.078823615000047, 14.592409100000053 ], [ 121.078685273000033, 14.592417054000062 ], [ 121.078193442000028, 14.592603628000067 ], [ 121.077732350000034, 14.592776634000071 ], [ 121.077609096000074, 14.592806048000057 ], [ 121.077532245000043, 14.59282866900003 ], [ 121.076271532000078, 14.593001927000042 ], [ 121.075633492000065, 14.593099288000076 ], [ 121.075314767000023, 14.59316378600005 ], [ 121.074939478000033, 14.593206834000053 ], [ 121.074559263000083, 14.593261181000058 ], [ 121.07409900200004, 14.593329109000027 ], [ 121.073738800000115, 14.593387968000059 ], [ 121.073548850000066, 14.593455813000045 ], [ 121.073423584000011, 14.593543974000058 ], [ 121.073318627000063, 14.593655855000064 ], [ 121.07325746700009, 14.593772241000062 ], [ 121.073016402000022, 14.593624312000033 ], [ 121.07278811400009, 14.593524960000021 ], [ 121.072729657000082, 14.593489146000021 ], [ 121.072634731000093, 14.593479960000025 ], [ 121.072493874000102, 14.593473836000046 ], [ 121.072371389000068, 14.593473836000042 ], [ 121.072274447000055, 14.593465235000055 ], [ 121.072284206000077, 14.593140983000074 ], [ 121.071189201000038, 14.593245975000061 ], [ 121.07098213800009, 14.593312235000042 ], [ 121.070882748000031, 14.593436473000054 ], [ 121.070420299000034, 14.593385911000039 ], [ 121.070271989000048, 14.593370569000063 ], [ 121.07009299500011, 14.593339884000047 ], [ 121.069995827000071, 14.593319428000029 ], [ 121.069847517000085, 14.593268286000068 ], [ 121.069786076000014, 14.593204677000074 ], [ 121.069701698000017, 14.593143737000048 ], [ 121.069650134000099, 14.593064047000045 ], [ 121.069626695000025, 14.592989044000031 ], [ 121.069561068000098, 14.592970293000059 ], [ 121.069495440000082, 14.592946855000033 ], [ 121.069429813000056, 14.59290466600004 ], [ 121.068900106000129, 14.592496838000047 ], [ 121.068219234000026, 14.591994086000057 ], [ 121.068102215000081, 14.591943208000032 ], [ 121.068014268000056, 14.591922054000062 ], [ 121.066890515000068, 14.591636299000074 ], [ 121.066483466000022, 14.591544442000043 ], [ 121.062550675000026, 14.590662940000069 ], [ 121.062339853000026, 14.59061722000007 ], [ 121.062055371000028, 14.590543560000068 ], [ 121.06178426800011, 14.590462054000053 ], [ 121.06170398900008, 14.590565723000054 ], [ 121.061638749000053, 14.590629007000071 ], [ 121.061448235000071, 14.590762370000055 ], [ 121.061390545000108, 14.590695309000065 ], [ 121.060949113000106, 14.590279700000053 ], [ 121.060746516000108, 14.590313974000019 ], [ 121.060497850000047, 14.59034408800005 ], [ 121.060332895000116, 14.590314493000053 ], [ 121.060013209000104, 14.590275515000027 ], [ 121.059660116000032, 14.59007071800005 ], [ 121.057287324000058, 14.589617128000045 ], [ 121.057789118000073, 14.59116645800003 ], [ 121.058115, 14.592153976000077 ], [ 121.058402651000051, 14.593108666000035 ], [ 121.058736491000104, 14.594065676000071 ], [ 121.059003652000129, 14.594861924000039 ], [ 121.059370788000038, 14.595790518000054 ], [ 121.059570741000016, 14.596613229000074 ], [ 121.059704174000103, 14.597530579000018 ], [ 121.059754211000055, 14.597914198000073 ], [ 121.059748, 14.598394976000064 ], [ 121.059737532000085, 14.599081735000031 ], [ 121.059680794000087, 14.599645546000033 ], [ 121.05964876500002, 14.599858358000064 ], [ 121.059587420000085, 14.600265951000038 ], [ 121.059369561000054, 14.601178464000048 ], [ 121.059244935000038, 14.601644073000044 ], [ 121.059068440000033, 14.602130518000026 ], [ 121.058706626000131, 14.60298393000005 ], [ 121.058397761000052, 14.603632523000039 ], [ 121.058080070000088, 14.604298184000069 ], [ 121.057918083000118, 14.604655060000027 ], [ 121.057559411000042, 14.60547589200007 ], [ 121.057188772, 14.606269565000044 ], [ 121.057020838000085, 14.606569901000061 ], [ 121.056982263000023, 14.606653918000061 ], [ 121.053051091000057, 14.605003398000065 ], [ 121.052613605000019, 14.604825669000038 ], [ 121.05206674800003, 14.604565912000057 ], [ 121.051973375000117, 14.604741895000071 ], [ 121.051745431000072, 14.605250554000063 ], [ 121.051609749000022, 14.605587031000027 ], [ 121.051503292, 14.605839289000071 ], [ 121.05146953100008, 14.605933800000058 ], [ 121.051433735000046, 14.606022722000031 ], [ 121.051350154000033, 14.606226787000027 ], [ 121.051196079000093, 14.606648840000048 ], [ 121.051112432000082, 14.606876706000037 ], [ 121.051044807000039, 14.607057416000032 ], [ 121.050924947000127, 14.607361281000067 ], [ 121.050792266000016, 14.607704522000065 ], [ 121.050687230000108, 14.60797456400007 ], [ 121.050033336000055, 14.609656116000057 ], [ 121.04938005300005, 14.609499847000048 ], [ 121.048555648000047, 14.609303400000044 ], [ 121.048304972000096, 14.609239751000068 ], [ 121.047745884000051, 14.60910492600004 ], [ 121.047544928000093, 14.609054887000068 ], [ 121.046929084000126, 14.608901529000036 ], [ 121.046177831000037, 14.608726100000073 ], [ 121.045896736000032, 14.608661194000032 ], [ 121.045667325000068, 14.608639345000029 ], [ 121.04515450800011, 14.608710620000068 ], [ 121.044565562000102, 14.608797352000067 ], [ 121.044078232000061, 14.608882567000016 ], [ 121.042990564000092, 14.609623737000051 ], [ 121.042980659000023, 14.60961911500004 ], [ 121.042895869000048, 14.609579316000064 ], [ 121.042138308000062, 14.609268024000071 ], [ 121.042137554000092, 14.609269316000056 ], [ 121.042045938000129, 14.609231938000047 ], [ 121.041516531000084, 14.609022450000055 ], [ 121.041109435000067, 14.608861440000057 ], [ 121.040398534000019, 14.608422849000018 ], [ 121.039169534000067, 14.607565849000022 ], [ 121.038470599000107, 14.606962260000046 ], [ 121.038170534000088, 14.606706849000039 ], [ 121.037731421000117, 14.606288117000076 ], [ 121.037702342000102, 14.606355012000055 ], [ 121.037303537000071, 14.606664560000066 ], [ 121.037275051000051, 14.606698743000033 ], [ 121.037256061000107, 14.60673102700002 ], [ 121.037242767000066, 14.606784201000043 ], [ 121.037233272000094, 14.606867760000057 ], [ 121.037197189000054, 14.607057667000046 ], [ 121.037163006000014, 14.607243776000077 ], [ 121.037117428000101, 14.607475463000069 ], [ 121.037106034000089, 14.60752104000005 ], [ 121.037087043000042, 14.607557123000046 ], [ 121.037069952000024, 14.607589407000036 ], [ 121.037033869000084, 14.607627388000026 ], [ 121.037005383000064, 14.607657773000026 ], [ 121.036952209000106, 14.607731837000077 ], [ 121.0369237230001, 14.607792607000023 ], [ 121.036912329000074, 14.607841983000071 ], [ 121.036897136000107, 14.608200907000024 ], [ 121.036900935000062, 14.608276870000058 ], [ 121.036902834000102, 14.608335741000078 ], [ 121.036899035000019, 14.608371824000074 ], [ 121.036895237000067, 14.608404108000061 ], [ 121.036885742000095, 14.608428796000053 ], [ 121.036870549000014, 14.608447786000061 ], [ 121.03685725600009, 14.608459181000057 ], [ 121.036357801, 14.60864529000003 ], [ 121.036297030000028, 14.608664280000028 ], [ 121.036247655000025, 14.608675675000027 ], [ 121.036198279000018, 14.608679473000048 ], [ 121.036139408000054, 14.608673776000048 ], [ 121.036095729000067, 14.608668078000049 ], [ 121.036061546000042, 14.608662381000045 ], [ 121.036015968, 14.608650987000031 ], [ 121.035977987000038, 14.608641491000075 ], [ 121.035801373000027, 14.608607308000041 ], [ 121.035742502000062, 14.608599712000052 ], [ 121.035683631000097, 14.608590217000033 ], [ 121.035641851000037, 14.608594015000053 ], [ 121.035594375000073, 14.608599712000053 ], [ 121.035571586000074, 14.608607308000044 ], [ 121.035533604000079, 14.608622501000065 ], [ 121.035488027000028, 14.60864908800005 ], [ 121.035451944000116, 14.608668078000051 ], [ 121.035408266000104, 14.608700363000027 ], [ 121.035362688000092, 14.608728849000045 ], [ 121.035315211000011, 14.608780123000031 ], [ 121.035269634000088, 14.608820004000048 ], [ 121.035235451000077, 14.608863683000036 ], [ 121.035178478000034, 14.608949141000044 ], [ 121.034992370000055, 14.609220708000064 ], [ 121.034920205000049, 14.609332753000048 ], [ 121.034887921000077, 14.609370734000041 ], [ 121.034857536000132, 14.609393523000051 ], [ 121.034819554000038, 14.609414413000021 ], [ 121.034777775000066, 14.609433403000029 ], [ 121.034734096000079, 14.609448596000046 ], [ 121.034690418000068, 14.609461889000048 ], [ 121.034646581000075, 14.609468536000067 ], [ 121.034626324000101, 14.60947106800006 ], [ 121.034603535000102, 14.609468536000067 ], [ 121.034575682000082, 14.609463472000076 ], [ 121.034537701000076, 14.609455876000027 ], [ 121.034504783000102, 14.609445747000047 ], [ 121.034480729000066, 14.609440683000063 ], [ 121.034459206000079, 14.609434353000044 ], [ 121.034407456000068, 14.609427706000073 ], [ 121.034358080000075, 14.609431504000042 ], [ 121.034316143000069, 14.609438151000063 ], [ 121.034269299000016, 14.609441949000027 ], [ 121.034222455000076, 14.609447013000027 ], [ 121.034175611000023, 14.609449546000057 ], [ 121.034107245000101, 14.609457142000053 ], [ 121.034052805000115, 14.609463472000071 ], [ 121.033993301, 14.60947233400003 ], [ 121.033943925000031, 14.609478665000042 ], [ 121.033898347000118, 14.609493857000077 ], [ 121.033862898000052, 14.609510316000073 ], [ 121.033826183000102, 14.609530572000043 ], [ 121.033786935000094, 14.609553361000057 ], [ 121.033741358000043, 14.609585012000023 ], [ 121.033702110000021, 14.609614132000043 ], [ 121.033660331000064, 14.609645783000078 ], [ 121.033629945000015, 14.609673636000023 ], [ 121.033585634000019, 14.609716681000064 ], [ 121.033502075000115, 14.609819231000071 ], [ 121.033402057000117, 14.609972423000043 ], [ 121.033246333000065, 14.610185118000059 ], [ 121.033108334000076, 14.610362365000075 ], [ 121.033038702000127, 14.610458584000073 ], [ 121.033007051000027, 14.610509226000035 ], [ 121.032971601000099, 14.610553538000032 ], [ 121.032846263, 14.610678877000055 ], [ 121.032830232000038, 14.61069321400003 ], [ 121.032681740000029, 14.610826020000044 ], [ 121.03266648400006, 14.610839664000029 ], [ 121.032596852000111, 14.610913095000059 ], [ 121.032556338000077, 14.610948544000053 ], [ 121.032524687000105, 14.610975131000032 ], [ 121.032481641000132, 14.611016911000032 ], [ 121.032444926000039, 14.611046030000066 ], [ 121.032380358000083, 14.611116929000048 ], [ 121.032293, 14.611238469000055 ], [ 121.032271478000098, 14.611263790000063 ], [ 121.032252487000051, 14.611281515000035 ], [ 121.032236028000071, 14.611292909000042 ], [ 121.032217038000113, 14.611308102000065 ], [ 121.032176439000068, 14.611336880000062 ], [ 121.032086149000065, 14.611385636000021 ], [ 121.032015723000086, 14.611430781000021 ], [ 121.031903764000049, 14.611483149000041 ], [ 121.031818892000032, 14.611521071000025 ], [ 121.031730408000058, 14.611560798000024 ], [ 121.031704289000132, 14.611584100000066 ], [ 121.031686564000111, 14.611608155000056 ], [ 121.031652381000072, 14.611647402000076 ], [ 121.031637188000104, 14.611670191000032 ], [ 121.031615666000107, 14.611692980000042 ], [ 121.031591611000053, 14.611711970000046 ], [ 121.031566290000114, 14.611729695000067 ], [ 121.031548565000094, 14.611739823000047 ], [ 121.031524548000107, 14.611757629000067 ], [ 121.031470374000037, 14.61179374500006 ], [ 121.031416200000081, 14.611835278000058 ], [ 121.03134216300009, 14.611909316000036 ], [ 121.031237427000065, 14.612051973000066 ], [ 121.031201311000018, 14.612111565000074 ], [ 121.031166103000032, 14.612183060000062 ], [ 121.031129244000113, 14.612318984000067 ], [ 121.031096838000067, 14.612430435000022 ], [ 121.031064679000124, 14.612556596000047 ], [ 121.031042416000119, 14.612630809000052 ], [ 121.031017678000012, 14.612695126000061 ], [ 121.031000362000114, 14.612747075000073 ], [ 121.030990467000024, 14.61279407600005 ], [ 121.030973151000026, 14.612828708000057 ], [ 121.030953361000115, 14.612858393000066 ], [ 121.030926149000038, 14.612878183000074 ], [ 121.03088657, 14.612897973000029 ], [ 121.030842042000017, 14.61291281600006 ], [ 121.030802462000111, 14.612920237000026 ], [ 121.030745566000064, 14.612925185000057 ], [ 121.030693617000125, 14.612932606000072 ], [ 121.030621879, 14.612940027000034 ], [ 121.030569930000084, 14.612947448000055 ], [ 121.030527876000079, 14.612952396000027 ], [ 121.03046355900004, 14.612962291000031 ], [ 121.030433874000096, 14.612962291000027 ], [ 121.030381925000043, 14.612967238000063 ], [ 121.03031266000005, 14.612979607000057 ], [ 121.030260711000082, 14.612989502000062 ], [ 121.030179078000074, 14.613026608000037 ], [ 121.030092497000055, 14.613068662000043 ], [ 121.03002323200009, 14.61308597800007 ], [ 121.029931703000102, 14.613113189000044 ], [ 121.029822858000102, 14.613123084000055 ], [ 121.029701645000046, 14.61310824200007 ], [ 121.029602695000108, 14.613088452000058 ], [ 121.02952848200006, 14.613063714000081 ], [ 121.02944437500004, 14.613031556000065 ], [ 121.029394900000057, 14.613004345000036 ], [ 121.029263860000015, 14.612923820000049 ], [ 121.029230335000079, 14.61286551600006 ], [ 121.029207014, 14.61280721200006 ], [ 121.029190980000067, 14.612756196000074 ], [ 121.029186607000042, 14.612728502000039 ], [ 121.029185150000117, 14.612694977000046 ], [ 121.029189523000014, 14.61265853800006 ], [ 121.029195353000091, 14.612629386000034 ], [ 121.029199726000115, 14.612600234000073 ], [ 121.029201183000055, 14.612575455000069 ], [ 121.029202641000083, 14.612540473000026 ], [ 121.029202641000083, 14.61250694800003 ], [ 121.029199726000115, 14.612467593000076 ], [ 121.029195353000091, 14.612439899000034 ], [ 121.029189523000014, 14.612407832000029 ], [ 121.029169116000048, 14.612362646000065 ], [ 121.029135592000102, 14.612311631000072 ], [ 121.02907, 14.612238751000067 ], [ 121.029001493000024, 14.612162956000073 ], [ 121.02896359600004, 14.612122144000066 ], [ 121.028928614000066, 14.612095907000024 ], [ 121.028896547000059, 14.612076958000046 ], [ 121.028852819, 14.61206238200003 ], [ 121.02881783700002, 14.612052179000043 ], [ 121.02879448900002, 14.612044299000042 ], [ 121.028775346000089, 14.612040310000053 ], [ 121.028758595000113, 14.612037120000025 ], [ 121.028740249000066, 14.612033929000065 ], [ 121.028723498000105, 14.612030739000035 ], [ 121.028704355000073, 14.612029143000028 ], [ 121.02868441400004, 14.61202834600004 ], [ 121.028662080000117, 14.612029143000035 ], [ 121.028644531000054, 14.612030739000028 ], [ 121.028623792000076, 14.612035524000078 ], [ 121.028607840000049, 14.612040310000056 ], [ 121.028592684000046, 14.612044299000047 ], [ 121.028578327000105, 14.612049084000034 ], [ 121.028561576000016, 14.612055466000072 ], [ 121.028530468000085, 14.61206663300004 ], [ 121.028428659000042, 14.612107568000056 ], [ 121.028382016, 14.612122144000068 ], [ 121.028326628000059, 14.61214109200006 ], [ 121.028261036000117, 14.612164414000063 ], [ 121.02820448500006, 14.612185041000036 ], [ 121.027905384000064, 14.612294140000079 ], [ 121.02788352000006, 14.612301427000034 ], [ 121.027852910000092, 14.612308715000038 ], [ 121.027822301000029, 14.612317461000037 ], [ 121.027784403000069, 14.612323291000052 ], [ 121.027747964000014, 14.612329122000062 ], [ 121.027682372000072, 14.612334952000026 ], [ 121.027619696000102, 14.61233641000007 ], [ 121.027520579000097, 14.612333495000026 ], [ 121.027360244000093, 14.612321834000058 ], [ 121.027269873000023, 14.612310173000022 ], [ 121.027108081000037, 14.612294140000079 ], [ 121.027087124000118, 14.612291769000024 ], [ 121.027038116000085, 14.612288309000066 ], [ 121.027013337000099, 14.612283936000038 ], [ 121.026979812000036, 14.612276648000037 ], [ 121.026933169, 14.612273733000054 ], [ 121.026893814000132, 14.612272276000056 ], [ 121.026841341000022, 14.612275191000039 ], [ 121.02672619100008, 14.61227956400006 ], [ 121.026542535000075, 14.612276648000034 ], [ 121.02635887800011, 14.612270818000068 ], [ 121.026262677000105, 14.61227373300005 ], [ 121.026186882000033, 14.612275191000039 ], [ 121.02610525700004, 14.612281021000058 ], [ 121.026020717000037, 14.612286852000068 ], [ 121.025975531000086, 14.612291224000046 ], [ 121.025902652, 14.612299970000036 ], [ 121.025835602000015, 14.612311631000068 ], [ 121.02576855300002, 14.61232183400006 ], [ 121.025697131000015, 14.612334952000021 ], [ 121.025614048000079, 14.612349528000038 ], [ 121.02554262600006, 14.612364104000054 ], [ 121.02547995000009, 14.612375765000026 ], [ 121.025433307000071, 14.612385968000066 ], [ 121.02538366400006, 14.612401564000043 ], [ 121.025338563000105, 14.612423865000039 ], [ 121.025294799000108, 14.61245323000003 ], [ 121.025274429000106, 14.612476339000068 ], [ 121.025243820000014, 14.612512778000049 ], [ 121.025217583000099, 14.612547761000032 ], [ 121.025200092000091, 14.612579828000035 ], [ 121.025185516000079, 14.612611895000045 ], [ 121.025169482000024, 14.612645419000041 ], [ 121.025157822000097, 14.61268185900008 ], [ 121.025144703000024, 14.612729960000028 ], [ 121.025128670000072, 14.612791179000055 ], [ 121.025102433000029, 14.612912159000073 ], [ 121.025079112000057, 14.613031681000052 ], [ 121.025047045000079, 14.613186186000066 ], [ 121.025041214000126, 14.613226999000059 ], [ 121.025032469000067, 14.61327218400004 ], [ 121.025025181000046, 14.613295506000041 ], [ 121.02501352, 14.613320285000041 ], [ 121.02500040200006, 14.613347979000027 ], [ 121.024977080000099, 14.613374216000068 ], [ 121.024952301000098, 14.613398995000068 ], [ 121.024924607000116, 14.61341794300006 ], [ 121.024745323000047, 14.613502484000037 ], [ 121.024582073000047, 14.613579736000078 ], [ 121.02443048300006, 14.613646785000073 ], [ 121.024265775000103, 14.613715292000052 ], [ 121.02419143800013, 14.613740071000052 ], [ 121.024083576000066, 14.613773596000044 ], [ 121.024031103000084, 14.613785257000076 ], [ 121.023977172000045, 14.613796917000059 ], [ 121.023929071000126, 14.613808578000031 ], [ 121.023851819000015, 14.613818781000074 ], [ 121.023802261, 14.61382461200003 ], [ 121.02376290600013, 14.61383190000004 ], [ 121.023716263000111, 14.613834815000075 ], [ 121.023676908000084, 14.613831900000038 ], [ 121.023624434000098, 14.61382461200003 ], [ 121.023579249000036, 14.613811493000069 ], [ 121.02354718200003, 14.613796917000059 ], [ 121.023510742000084, 14.613779426000063 ], [ 121.02347576000011, 14.613759020000028 ], [ 121.023443693000104, 14.613732783000044 ], [ 121.023410168000055, 14.613700716000039 ], [ 121.023376644000109, 14.613664277000055 ], [ 121.023354780000105, 14.613630752000063 ], [ 121.023327085, 14.613581194000064 ], [ 121.023302306000133, 14.613534551000043 ], [ 121.023281900000029, 14.613483535000057 ], [ 121.023271697000041, 14.613436892000038 ], [ 121.023262951000106, 14.613384419000056 ], [ 121.023252748000118, 14.613333403000071 ], [ 121.023244003000059, 14.613263439000034 ], [ 121.023214851000034, 14.612858228000054 ], [ 121.023165293000019, 14.612333495000028 ], [ 121.023156183000069, 14.612262801000043 ], [ 121.023138692000103, 14.612184091000076 ], [ 121.023129946000054, 14.612129432000071 ], [ 121.023103709000125, 14.612046349000028 ], [ 121.023068727000023, 14.611972012000018 ], [ 121.022371269000033, 14.610988137000053 ], [ 121.022209476000072, 14.610791362000043 ], [ 121.022137326000021, 14.610717024000055 ], [ 121.022071734000065, 14.610636128000065 ], [ 121.021984278000104, 14.610504945000061 ], [ 121.021912128000054, 14.610393439000063 ], [ 121.021798435000051, 14.610214155000053 ], [ 121.021678184000052, 14.610039244000065 ], [ 121.021592915000056, 14.609916806000058 ], [ 121.021555746000118, 14.609844655000073 ], [ 121.0215273230001, 14.609783436000045 ], [ 121.021506443000021, 14.609729572000051 ], [ 121.021494549000082, 14.609687096000076 ], [ 121.021483595000063, 14.609636948000052 ], [ 121.021463918000094, 14.609523256000049 ], [ 121.021455172000046, 14.609440173000051 ], [ 121.021446427000129, 14.609354904000044 ], [ 121.021444240000065, 14.60919092500006 ], [ 121.021809936000082, 14.608860300000057 ], [ 121.021925362000061, 14.608756814000055 ], [ 121.021928990000106, 14.608753791000028 ], [ 121.02192917900004, 14.608753634000035 ], [ 121.02199700600012, 14.608697111000026 ], [ 121.022179601000076, 14.608485095000047 ], [ 121.022251740000115, 14.608394615000071 ], [ 121.022302379000052, 14.608303851000073 ], [ 121.022372538, 14.608145993000052 ], [ 121.022399008000093, 14.608044356000047 ], [ 121.022419311000036, 14.607947209000031 ], [ 121.022426869000014, 14.607833405000067 ], [ 121.022419311000036, 14.607730885000024 ], [ 121.022384231000032, 14.607549641000045 ], [ 121.022333966000019, 14.607468658000071 ], [ 121.022278993000086, 14.607380090000051 ], [ 121.022062669000107, 14.607140380000031 ], [ 121.021893118000094, 14.606953289000046 ], [ 121.021612482000023, 14.606678499000049 ], [ 121.021437084000013, 14.606485562000048 ], [ 121.021329130000026, 14.606357067000033 ], [ 121.021146725000122, 14.60610003000005 ], [ 121.021092135000117, 14.606017835000042 ], [ 121.020542032000108, 14.605152019000059 ], [ 121.020419778000019, 14.60495960300006 ], [ 121.020162128000038, 14.604541769000038 ], [ 121.020094465000071, 14.60441838300005 ], [ 121.020006900000112, 14.604294996000016 ], [ 121.019935256000053, 14.604127827000074 ], [ 121.019859632, 14.603936777000055 ], [ 121.019791969000039, 14.603741746000024 ], [ 121.019724305000068, 14.603558657000058 ], [ 121.019648681000049, 14.60332780400006 ], [ 121.019623209000088, 14.603190011000038 ], [ 121.019622657000014, 14.603057785000029 ], [ 121.019395527000029, 14.603135031000026 ], [ 121.01931107900009, 14.60313709100007 ], [ 121.019152484000074, 14.60318034400006 ], [ 121.01897947000009, 14.603303925000032 ], [ 121.018841472000062, 14.603429566000047 ], [ 121.018318352000051, 14.603730381000046 ], [ 121.018181725000105, 14.603856247000067 ], [ 121.017509236000038, 14.604432004000044 ], [ 121.017499366000052, 14.604422363000023 ], [ 121.017493109000043, 14.604426072000026 ], [ 121.017380696000046, 14.604492710000049 ], [ 121.016393505000124, 14.605246827000027 ], [ 121.016356165000047, 14.605275870000064 ], [ 121.016300154000064, 14.605317359000026 ], [ 121.015191356000074, 14.606165813000077 ], [ 121.01515712800007, 14.606192781000065 ], [ 121.015099043000063, 14.60623738100003 ], [ 121.014038800000108, 14.607047990000071 ], [ 121.014010309, 14.607074107000074 ], [ 121.013997465000102, 14.607085881000042 ], [ 121.013985596000111, 14.607153294000058 ], [ 121.01395709100008, 14.607172297000035 ], [ 121.012074183000095, 14.608556369000045 ], [ 121.01205359700009, 14.608573789000051 ], [ 121.012033010000096, 14.608586458000048 ], [ 121.011615213000027, 14.60889479400003 ], [ 121.011603852, 14.608903179000038 ], [ 121.011561544000088, 14.608934826000054 ], [ 121.011526828000115, 14.608956684000075 ], [ 121.011430395000048, 14.609026116000052 ], [ 121.010434773000043, 14.609784532000049 ], [ 121.010431992000022, 14.609786651000029 ], [ 121.00929601200005, 14.610673834000064 ], [ 121.009284736000041, 14.610682411000029 ], [ 121.008143711000116, 14.611550319000058 ], [ 121.006968043000029, 14.612466746000045 ], [ 121.006961577000098, 14.612471786000071 ], [ 121.006933352000047, 14.612490049000025 ], [ 121.006908999000075, 14.612510271000072 ], [ 121.006633741000087, 14.612737726000036 ], [ 121.006620826000017, 14.612748520000018 ], [ 121.006605213000057, 14.612760085000051 ], [ 121.006376217000039, 14.61294898800003 ], [ 121.006358290000108, 14.612963638000052 ], [ 121.006343062000056, 14.612976745000024 ], [ 121.006090164000057, 14.613185694000034 ], [ 121.006076685000039, 14.613196324000057 ], [ 121.006056432000037, 14.613212295000039 ], [ 121.00602539800002, 14.61323812500007 ], [ 121.005737032000056, 14.613475602000051 ], [ 121.005729129000073, 14.613481770000019 ], [ 121.005722383000034, 14.613487168000061 ], [ 121.005587452000114, 14.613598196000051 ], [ 121.005572995000065, 14.613610147000031 ], [ 121.005556611000088, 14.613624411000046 ], [ 121.005302171000025, 14.613833360000056 ], [ 121.005271592000113, 14.613859173000034 ], [ 121.005260613000019, 14.61386201500005 ], [ 121.005233018000013, 14.613869159000048 ], [ 121.005137451000124, 14.613897531000079 ], [ 121.004447499000108, 14.614451363000054 ], [ 121.0038981470001, 14.614892335000036 ], [ 121.003864218000089, 14.614917467000058 ], [ 121.003832802000034, 14.614943856000027 ], [ 121.001950269000076, 14.61640754100006 ], [ 121.001786473000053, 14.61653489300005 ], [ 121.00175002800006, 14.616566783000055 ], [ 121.001709026000057, 14.616600192000018 ], [ 121.001473648000101, 14.616767235000053 ], [ 121.001335458000099, 14.616864423000031 ], [ 121.001136525000106, 14.617014762000053 ], [ 121.000992491000048, 14.617096572000037 ], [ 121.000903956000116, 14.617163571000049 ], [ 120.999732839000117, 14.618024949000072 ], [ 120.999698701000057, 14.618048418000052 ], [ 120.998557237000128, 14.618923186000069 ], [ 120.998531634000059, 14.618938121000042 ], [ 120.998526508000054, 14.618941965000037 ], [ 120.998506031000034, 14.618957323000075 ], [ 120.998503430000042, 14.61895928100005 ], [ 120.99768674500001, 14.619574151000053 ], [ 120.997344449000039, 14.619831861000023 ], [ 120.996162765, 14.620763472000023 ], [ 120.99616127700007, 14.620762063000031 ], [ 120.99615852400008, 14.620766815000017 ], [ 120.994991453000011, 14.621658028000068 ], [ 120.994986121000011, 14.621662154000031 ], [ 120.993822102000081, 14.622562864000027 ], [ 120.993808390000027, 14.622573475000028 ], [ 120.992623902000119, 14.623468203000074 ], [ 120.991847930000077, 14.624056928000071 ], [ 120.99148629900003, 14.624330428000059 ], [ 120.990532330000079, 14.625125521000029 ], [ 120.990500595000071, 14.625151778000028 ], [ 120.99030267, 14.625278689000028 ], [ 120.990130178000086, 14.625413020000057 ], [ 120.990034010000059, 14.62549850300007 ], [ 120.989957686000039, 14.625562615000032 ], [ 120.989885941000011, 14.62564046500006 ], [ 120.9898522310001, 14.625694400000045 ], [ 120.989827584000082, 14.625755293000053 ], [ 120.989817435000077, 14.625833584000079 ], [ 120.989823235, 14.625910426000075 ], [ 120.989838436, 14.626014646000046 ], [ 120.990226871000118, 14.627417760000069 ], [ 120.990348212000086, 14.627776141000023 ], [ 120.99047060800001, 14.628145826000035 ], [ 120.990593717000039, 14.628523943000062 ], [ 120.990715059000081, 14.62888514500003 ], [ 120.990836866000109, 14.629256453000039 ], [ 120.990842044000019, 14.629274567000035 ], [ 120.990957742000106, 14.629624482000052 ], [ 120.991101658000062, 14.630070341000017 ], [ 120.991255729000031, 14.630502300000044 ], [ 120.991414187000018, 14.630953248000026 ], [ 120.991567642000064, 14.631409375000032 ], [ 120.991712853000095, 14.631855684000071 ], [ 120.991864469, 14.632312670000033 ], [ 120.992005382000102, 14.632754540000066 ], [ 120.992163432000098, 14.633211694000071 ], [ 120.99231458700001, 14.633660768000023 ], [ 120.992468801000101, 14.634112853000037 ], [ 120.992619771000022, 14.634573873000026 ], [ 120.992769177000014, 14.635027775000026 ], [ 120.993059300000027, 14.635932792000059 ], [ 120.991913610000097, 14.636338079000042 ], [ 120.991965397000058, 14.636497522000074 ], [ 120.991973444000109, 14.636527028000048 ], [ 120.993135916000043, 14.636168197000075 ], [ 120.993280227000028, 14.636617836000026 ], [ 120.993438216000087, 14.637072620000026 ], [ 120.99346426700005, 14.637234001000021 ], [ 120.993470829000117, 14.637275841000074 ], [ 120.993472799000088, 14.637296166000054 ], [ 120.993471488000083, 14.63731775700006 ], [ 120.993466897000076, 14.637335346000043 ], [ 120.993458373000081, 14.637362005000062 ], [ 120.993355038000118, 14.637576723000052 ], [ 120.993353309000099, 14.637580315000037 ], [ 120.993273673000104, 14.637605462000067 ], [ 120.993169385000101, 14.637642298000062 ], [ 120.992383367000116, 14.637888982000046 ], [ 120.992298581000128, 14.637915434000037 ], [ 120.992311012000059, 14.637949508000073 ], [ 120.992314945000089, 14.637963034000052 ], [ 120.99231713000006, 14.637973601000054 ], [ 120.992318878000091, 14.637986902000028 ], [ 120.992319316000035, 14.637999309000064 ], [ 120.992318006000119, 14.638011144000075 ], [ 120.992314948000072, 14.638022979000029 ], [ 120.99230708600011, 14.638040733000024 ], [ 120.992289739000071, 14.638073964000057 ], [ 120.992156927000124, 14.638331432000028 ], [ 120.992048362000105, 14.638522154000041 ], [ 120.991913635000074, 14.638764563000048 ], [ 120.991776419000075, 14.639022114000054 ], [ 120.991560286000094, 14.639402771000052 ], [ 120.99128075900002, 14.639892372000078 ], [ 120.991273715000048, 14.639904883000044 ], [ 120.991370558000085, 14.640175491000035 ], [ 120.99142837300009, 14.640326203000029 ], [ 120.991570441000022, 14.640630264000039 ], [ 120.99175436500002, 14.641063884000062 ], [ 120.991942358000074, 14.641505145000053 ], [ 120.992130307000025, 14.641930574000069 ], [ 120.992316725, 14.642374792000055 ], [ 120.992505810000011, 14.642807285000062 ], [ 120.99271023200005, 14.643225496000069 ], [ 120.992945986000109, 14.643771328000065 ], [ 120.99249409100004, 14.643737818000037 ], [ 120.992456665000091, 14.643736801000042 ], [ 120.992458425000123, 14.643740774000037 ], [ 120.992531474000089, 14.643917505000047 ], [ 120.992635157000109, 14.644162573000077 ], [ 120.992745295000077, 14.644398838000029 ], [ 120.992894307000043, 14.644418497000059 ], [ 120.993133194000052, 14.644955511000038 ], [ 120.993376267000031, 14.64550023300006 ], [ 120.993273162000051, 14.645542646000024 ], [ 120.993491241000015, 14.646608790000073 ], [ 120.993637847000073, 14.646588521000067 ], [ 120.993868620000057, 14.646556615000058 ], [ 120.993910756000105, 14.64686731200004 ], [ 120.994032128000072, 14.646864387000047 ], [ 120.99403098900008, 14.647222541000074 ], [ 120.994026025000053, 14.64764732900005 ], [ 120.994991208000101, 14.64837542500004 ], [ 120.995329977000097, 14.64865644800005 ], [ 120.995838241000101, 14.648932370000065 ], [ 120.995968834000109, 14.649230865000051 ], [ 120.995827410000061, 14.649290862000042 ], [ 120.995745968000065, 14.649783812000065 ], [ 120.995741896000027, 14.650091837000051 ], [ 120.995789929000026, 14.650310677000052 ], [ 120.995847894, 14.650581798000077 ], [ 120.995867328000045, 14.650628654000055 ], [ 120.995876690000046, 14.650663972000077 ], [ 120.996017398000035, 14.65106551300005 ], [ 120.996090669000068, 14.651289825000049 ], [ 120.996170606000092, 14.65151133000006 ], [ 120.996211357000092, 14.651630113000067 ], [ 120.996317748000024, 14.651958960000055 ], [ 120.996425660000128, 14.652263773000072 ], [ 120.996312267, 14.652307197000027 ], [ 120.996313828000098, 14.652313085000063 ], [ 120.996324162000079, 14.652343586000029 ], [ 120.996336123000106, 14.652374114000054 ], [ 120.996447541000066, 14.652384955000064 ], [ 120.996503068000052, 14.652397168000052 ], [ 120.996580797000107, 14.652443365000066 ], [ 120.996682703000033, 14.65250982100002 ], [ 120.996767590000118, 14.652560804000075 ], [ 120.996880045000026, 14.652632932000071 ], [ 120.996679622000116, 14.653044244000059 ], [ 120.996614835000059, 14.653201599000052 ], [ 120.997075658000085, 14.653658900000035 ], [ 120.998821980000116, 14.655787306000033 ], [ 120.998849551000035, 14.656208315000075 ], [ 120.99906356300005, 14.656427380000025 ], [ 120.998792325000082, 14.656678592000047 ], [ 120.99882849700009, 14.656713775000073 ], [ 120.999068739000109, 14.656899925000056 ], [ 120.999065709000092, 14.656999322000047 ], [ 120.999020863000055, 14.65708880000005 ], [ 120.998961483000016, 14.657174245000023 ], [ 120.999112299000103, 14.657316509000054 ], [ 120.998977097000079, 14.65731784700006 ], [ 120.999143128000028, 14.657322223000049 ], [ 120.999363542000083, 14.657491273000058 ], [ 120.999428101000049, 14.657547603000063 ], [ 120.999480899000105, 14.657614503000044 ], [ 120.999523921000119, 14.657715606000068 ], [ 120.999593055000105, 14.658216659000058 ], [ 120.999635693000073, 14.658396664000069 ], [ 120.999675737000089, 14.658488687000043 ], [ 120.999729825000031, 14.658559767000039 ], [ 120.99982714500004, 14.658659113000052 ], [ 120.999973496000052, 14.658797796000041 ], [ 120.999987723000103, 14.658977198000061 ], [ 120.999988855000083, 14.659011650000027 ], [ 120.999984226000024, 14.659456923000045 ], [ 121.000004785000101, 14.660445847000062 ], [ 121.000002320000021, 14.660473115000061 ], [ 120.999999776000109, 14.660616384000033 ], [ 120.999967937000065, 14.66076513200005 ], [ 120.999948401000083, 14.660825120000029 ], [ 120.999917955000129, 14.660867300000064 ], [ 120.999864872000103, 14.660926097000072 ], [ 120.999813094000046, 14.660977444000027 ], [ 120.999761582000033, 14.661038059000081 ], [ 120.999707078000043, 14.661118801000042 ], [ 120.999665370000116, 14.661186022000036 ], [ 120.999635443000116, 14.661256843000045 ], [ 120.999601763000115, 14.661373429000038 ], [ 120.999591863000092, 14.661467175000045 ], [ 120.999596355000122, 14.66158196400005 ], [ 120.999605473000074, 14.661679178000044 ], [ 120.999620800000116, 14.661755958000068 ], [ 120.999650642, 14.661836039000034 ], [ 120.999661597000127, 14.661869980000061 ], [ 120.999695220000035, 14.661937170000041 ], [ 120.999736524000028, 14.662009097000062 ], [ 120.999784540000064, 14.662069932000067 ], [ 120.999844159000077, 14.662122546000035 ], [ 120.999899177000088, 14.662164984000073 ], [ 121.000290521, 14.662330674000032 ], [ 121.000302158000068, 14.662912550000044 ], [ 121.000307520000106, 14.663393315000061 ], [ 121.000311761000034, 14.663773647000022 ], [ 121.00031314400006, 14.663936227000018 ], [ 121.000320293000073, 14.664603180000025 ], [ 121.000529937000024, 14.664600283000027 ], [ 121.000593585000047, 14.664631196000075 ], [ 121.000641303000066, 14.66466185400003 ], [ 121.000693821000041, 14.664714165000074 ], [ 121.000792709000052, 14.664820028000065 ], [ 121.001011820000031, 14.665054600000078 ], [ 121.001262540000084, 14.665324548000056 ], [ 121.001511254000093, 14.66559197700008 ], [ 121.001684455000017, 14.66578237900006 ], [ 121.001780768000117, 14.665887028000045 ], [ 121.002500868000084, 14.666645610000042 ], [ 121.002517678000117, 14.666667316000034 ], [ 121.002518161000026, 14.666695859000072 ], [ 121.00250628700006, 14.666722381000056 ], [ 121.002905001000059, 14.667149498000072 ], [ 121.002945546000092, 14.667223937000072 ], [ 121.005497894000086, 14.671909959000059 ], [ 121.005828840000063, 14.67094629400003 ], [ 121.005866593000064, 14.670953533000041 ], [ 121.006025556000054, 14.670984016000032 ], [ 121.006805985000042, 14.671133672000053 ], [ 121.006661565000059, 14.671640331000049 ], [ 121.006617844000061, 14.671793714000041 ], [ 121.006828794000057, 14.671837539000023 ], [ 121.006651647, 14.672622188000044 ], [ 121.006615044000128, 14.673018934000025 ], [ 121.006873626000015, 14.673143939000054 ], [ 121.007496026000013, 14.67319058700002 ], [ 121.00776830100007, 14.673288046000041 ], [ 121.008109782, 14.67347271400007 ], [ 121.008501778000095, 14.673930619000032 ], [ 121.008465973000057, 14.674014942000039 ], [ 121.008616217000068, 14.674102972000069 ], [ 121.008870495000124, 14.67425060000005 ], [ 121.0090521300001, 14.674344579000037 ], [ 121.009362812000063, 14.674542193000033 ], [ 121.009483190000068, 14.67462077700003 ], [ 121.009650377000071, 14.674729919000065 ], [ 121.009786396000095, 14.674792274000026 ], [ 121.00995148100003, 14.674866849000065 ], [ 121.010218110000096, 14.674963691000075 ], [ 121.010112582000048, 14.67530517000006 ], [ 121.010805025000082, 14.676058125000056 ], [ 121.011179805000111, 14.67607744400004 ], [ 121.011073130000113, 14.67634965900004 ], [ 121.011077036000074, 14.676353906000031 ], [ 121.011718358000053, 14.67702567700008 ], [ 121.011968417000062, 14.676860673000022 ], [ 121.01269630700007, 14.676378772000074 ], [ 121.012861545000078, 14.676617934000031 ], [ 121.012922417000041, 14.676713331000036 ], [ 121.013204939000047, 14.676800512000058 ], [ 121.01329062800005, 14.677424997000058 ], [ 121.013319465000123, 14.677550275000046 ], [ 121.013278583000115, 14.677678351000058 ], [ 121.012957418000042, 14.678113134000057 ], [ 121.012931932000015, 14.678176571000053 ], [ 121.012942866000117, 14.678252199000042 ], [ 121.013184217000116, 14.678491259000054 ], [ 121.013516576000015, 14.67883707800007 ], [ 121.013537672000112, 14.678849373000043 ], [ 121.013558380000049, 14.678868010000029 ], [ 121.013956745000101, 14.679228843000027 ], [ 121.013977712000042, 14.67923867900004 ], [ 121.013999455000089, 14.679256280000065 ], [ 121.014846905000027, 14.680076019000072 ], [ 121.015635236000108, 14.680289496000057 ], [ 121.015674559000118, 14.680353659000049 ], [ 121.015726667000081, 14.680611579000068 ], [ 121.016251701000087, 14.680589301000056 ], [ 121.015994461000091, 14.680609693000058 ], [ 121.015371451000078, 14.680616881000052 ], [ 121.016210349000062, 14.681865546000038 ], [ 121.016340001000131, 14.682058528000029 ], [ 121.01634485600006, 14.682065755000055 ], [ 121.016529331000015, 14.682305534000022 ], [ 121.01752678000004, 14.683602012000048 ], [ 121.018355008000071, 14.684678537000023 ], [ 121.018691965000031, 14.685138639000055 ], [ 121.018745701000057, 14.685089179000041 ], [ 121.019126174, 14.685199919000068 ], [ 121.019434602000047, 14.685295241000066 ], [ 121.019391635000048, 14.685426596000068 ], [ 121.019514704000017, 14.685493353000025 ], [ 121.019599509000045, 14.68551468500004 ], [ 121.019686914000104, 14.685530788000051 ], [ 121.019806833000075, 14.685544432000029 ], [ 121.02011742000002, 14.685594523000075 ], [ 121.020276124000034, 14.685612810000066 ], [ 121.020359344000084, 14.685729675000061 ], [ 121.020351338000083, 14.685785819000046 ], [ 121.020755081000061, 14.686073216000072 ], [ 121.021265885000048, 14.686546546000042 ], [ 121.021780527000047, 14.686526265000056 ], [ 121.022070039000027, 14.68696349500004 ], [ 121.022653986000023, 14.687140174000033 ], [ 121.022648018000041, 14.687159778000021 ], [ 121.02238550300001, 14.688096614000072 ], [ 121.022410802000081, 14.688335295000059 ], [ 121.022420756000088, 14.688410847000057 ], [ 121.022564215000088, 14.688565641000027 ], [ 121.022553433000098, 14.688579530000029 ], [ 121.022545192000052, 14.68859902500003 ], [ 121.022524310000094, 14.688739966000071 ], [ 121.022492314000047, 14.688913808000056 ], [ 121.022465362000048, 14.689078414000047 ], [ 121.022438837000095, 14.689242242000033 ], [ 121.022443790000011, 14.689270099000055 ], [ 121.02268314700008, 14.689329404000034 ], [ 121.022670239000036, 14.689399483000047 ], [ 121.022836620000021, 14.689447449000053 ], [ 121.02278147100003, 14.689655132000038 ], [ 121.022677445000113, 14.690106619000066 ], [ 121.022636712, 14.690255347000058 ], [ 121.02260440200007, 14.690365114000022 ], [ 121.022574491000114, 14.690437151000024 ], [ 121.022585904000053, 14.690452739000021 ], [ 121.022629014000032, 14.690454942000033 ], [ 121.022997660000101, 14.690522136000027 ], [ 121.023123064000075, 14.69054584700007 ], [ 121.023405660000094, 14.690603157000055 ], [ 121.023559804000115, 14.690652562000015 ], [ 121.023640172000114, 14.690683816000043 ], [ 121.023666519, 14.690694062000031 ], [ 121.02373766200003, 14.690761253000062 ], [ 121.023778661000051, 14.690825029000051 ], [ 121.023808805000044, 14.690871920000058 ], [ 121.023864139000025, 14.690982587000066 ], [ 121.023907615000098, 14.691107088000022 ], [ 121.023922315000036, 14.69117041100003 ], [ 121.023933306000131, 14.691217755000025 ], [ 121.023932812000112, 14.691288404000039 ], [ 121.023928860000069, 14.691450453000066 ], [ 121.023923919000026, 14.691604596000044 ], [ 121.023923919000026, 14.691786901000055 ], [ 121.023941705000084, 14.692035902000043 ], [ 121.023986169000054, 14.692222653000044 ], [ 121.024004911000034, 14.692262341000061 ], [ 121.02406175900002, 14.692382725000073 ], [ 121.024128456000085, 14.692516119000054 ], [ 121.024205954000095, 14.692634052000072 ], [ 121.024230724000063, 14.692671745000036 ], [ 121.024337439000078, 14.69285404900006 ], [ 121.024433011000042, 14.692969614000051 ], [ 121.024565557000074, 14.693290793000077 ], [ 121.024579162000023, 14.693333310000071 ], [ 121.024594291000099, 14.693419726000059 ], [ 121.024618101000115, 14.693533671000068 ], [ 121.02463018200001, 14.693656438000058 ], [ 121.024626781000066, 14.693772084000045 ], [ 121.024596169, 14.693826505000061 ], [ 121.024568958000046, 14.693862220000026 ], [ 121.024519639000118, 14.693909838000021 ], [ 121.024496139, 14.693925505000035 ], [ 121.024448210000045, 14.693957457000064 ], [ 121.024433531000113, 14.69396759600005 ], [ 121.024215357000116, 14.694118284000071 ], [ 121.024046851000094, 14.694234667000043 ], [ 121.024023077000038, 14.69425046300006 ], [ 121.023793451000074, 14.694403034000057 ], [ 121.023706717000096, 14.694503373000034 ], [ 121.023652295000019, 14.694579904000022 ], [ 121.023533248000035, 14.694877522000073 ], [ 121.02342643900009, 14.695135644000056 ], [ 121.023383330000129, 14.695237765000059 ], [ 121.023369983000052, 14.695272078000075 ], [ 121.023315562000107, 14.695567995000033 ], [ 121.023254883000064, 14.69569211000004 ], [ 121.02324073200009, 14.695721056000027 ], [ 121.023218623000062, 14.695756770000058 ], [ 121.022987332000071, 14.69586391200005 ], [ 121.022784952000066, 14.695962551000036 ], [ 121.022665905000053, 14.696032279000065 ], [ 121.022427810000067, 14.69620234600006 ], [ 121.022274750000079, 14.696340101000029 ], [ 121.022138696000084, 14.696494862000062 ], [ 121.02211318600007, 14.696545882000056 ], [ 121.022102982000092, 14.696583297000071 ], [ 121.022063866000053, 14.696651324000072 ], [ 121.021865174000027, 14.696906494000073 ], [ 121.021567269000116, 14.697289077000047 ], [ 121.021390399000111, 14.697425131000051 ], [ 121.020841842000095, 14.697899689000058 ], [ 121.02081047, 14.697926829000043 ], [ 121.020778157000123, 14.697948938000025 ], [ 121.020740742000058, 14.697947237000051 ], [ 121.020736430000071, 14.697947058000064 ], [ 121.020659110000111, 14.697943836000034 ], [ 121.020648627000014, 14.697945215000063 ], [ 121.020594484000085, 14.69795233900004 ], [ 121.020536661000065, 14.697964244000046 ], [ 121.02036999500001, 14.698044176000058 ], [ 121.020239043000061, 14.698159821000047 ], [ 121.020165914000017, 14.698299277000046 ], [ 121.02000435, 14.698537371000047 ], [ 121.019924419000077, 14.69867682600005 ], [ 121.019859793000023, 14.698797574000022 ], [ 121.019713535000051, 14.698942131000026 ], [ 121.019650610000099, 14.699028866000049 ], [ 121.019592788000068, 14.699107097000024 ], [ 121.019523060000097, 14.699185328000056 ], [ 121.01941421700009, 14.699292470000048 ], [ 121.019348582000035, 14.699353912000049 ], [ 121.019157415000109, 14.699535666000031 ], [ 121.019016259000082, 14.69963260500003 ], [ 121.018482248000069, 14.699982943000062 ], [ 121.018077487000028, 14.700317976000068 ], [ 121.01800946000003, 14.700418316000022 ], [ 121.017977148000114, 14.700491445000068 ], [ 121.017900834000102, 14.700741883000036 ], [ 121.017856400000042, 14.700887702000042 ], [ 121.017843119000077, 14.700920240000071 ], [ 121.017822386000049, 14.700971035000061 ], [ 121.017759461000082, 14.701088381000035 ], [ 121.017630583000027, 14.701385719000031 ], [ 121.017463544000066, 14.701816269000059 ], [ 121.017436334000095, 14.701882596000074 ], [ 121.017410823000091, 14.701962527000038 ], [ 121.017400619000114, 14.702049262000058 ], [ 121.017412524000079, 14.702204023000039 ], [ 121.017436334000095, 14.70234177800006 ], [ 121.017465245000039, 14.702425111000027 ], [ 121.017499258000043, 14.702528852000055 ], [ 121.017567285000041, 14.702641096000033 ], [ 121.017776468000093, 14.702957421000066 ], [ 121.018045175000111, 14.703399596000056 ], [ 121.018031525000097, 14.70351761800004 ], [ 121.01801720900005, 14.703641399000047 ], [ 121.018015581000114, 14.703647834000034 ], [ 121.018000027000099, 14.703723550000067 ], [ 121.017945810000029, 14.703857007000069 ], [ 121.017893679000053, 14.70393624700006 ], [ 121.017781074000041, 14.704117665000069 ], [ 121.017726857000071, 14.704232355000043 ], [ 121.017701834000036, 14.704319936000049 ], [ 121.017706005000022, 14.704420029000064 ], [ 121.017722687000074, 14.704524292000029 ], [ 121.017829035000091, 14.704824571000071 ], [ 121.017929128000105, 14.705035183000067 ], [ 121.018006283000091, 14.705156128000057 ], [ 121.018175190000093, 14.70539593400002 ], [ 121.018469701000086, 14.705758010000064 ], [ 121.018557999000109, 14.705893767000076 ], [ 121.018631683000081, 14.706009652000036 ], [ 121.018696506000083, 14.706123692000061 ], [ 121.018763235000065, 14.706238382000038 ], [ 121.018811196000115, 14.706344730000065 ], [ 121.01885707200006, 14.706474017000062 ], [ 121.018894607000121, 14.706589749000045 ], [ 121.018915459000027, 14.70670860900003 ], [ 121.018917545000022, 14.706817043000058 ], [ 121.018917545000022, 14.706865723000019 ], [ 121.018912983000064, 14.70692509100007 ], [ 121.01889634600002, 14.707042047000074 ], [ 121.018868740000016, 14.70715549500005 ], [ 121.018804077000041, 14.707160303000016 ], [ 121.018663574, 14.707168906000048 ], [ 121.018625401000023, 14.707178387000059 ], [ 121.017825391000088, 14.707242904000054 ], [ 121.017156000000114, 14.70700166300003 ], [ 121.017134649000013, 14.707057953000056 ], [ 121.01689396200004, 14.707710138000035 ], [ 121.016839613000101, 14.708125518000031 ], [ 121.016407452000067, 14.708328939000062 ], [ 121.016388814000038, 14.708382703000037 ], [ 121.016552257000043, 14.708468726000035 ], [ 121.016711398000112, 14.708567652000058 ], [ 121.016827529000011, 14.708670879000064 ], [ 121.016853336000054, 14.708696686000046 ], [ 121.016913552, 14.708791310000034 ], [ 121.016978068000071, 14.708903140000077 ], [ 121.01701624600004, 14.70898151000006 ], [ 121.016975485000117, 14.709006743000034 ], [ 121.016474700000117, 14.709200846000046 ], [ 121.016222367000054, 14.709313425000058 ], [ 121.0161719, 14.709259077000072 ], [ 121.015849690000096, 14.709363892000054 ], [ 121.015822515000096, 14.70930566100003 ], [ 121.015469249000034, 14.70943765100003 ], [ 121.01529067400007, 14.709460943000069 ], [ 121.014852003000101, 14.709779272000047 ], [ 121.01480963500002, 14.709835197000068 ], [ 121.014803477000115, 14.709843326000055 ], [ 121.0147549510001, 14.709884087000034 ], [ 121.014529792000076, 14.710004431000076 ], [ 121.01414158700004, 14.710928359000034 ], [ 121.01414158700004, 14.711130226000023 ], [ 121.014351218000115, 14.711545605000026 ], [ 121.014560655000096, 14.712077194000075 ], [ 121.014654204000081, 14.712647094000035 ], [ 121.014774361000036, 14.713063488000044 ], [ 121.014813182000012, 14.713921421000068 ], [ 121.014518146000114, 14.71391753900002 ], [ 121.014470689000063, 14.714330269000072 ], [ 121.014241296000037, 14.71488368100006 ], [ 121.01412373200003, 14.715316661000024 ], [ 121.014014770000017, 14.715568994000023 ], [ 121.01395455400008, 14.715692293000075 ], [ 121.013759569000072, 14.715936024000033 ], [ 121.013588395000056, 14.716207950000065 ], [ 121.013584513000069, 14.716359350000058 ], [ 121.013646625000078, 14.716456401000073 ], [ 121.013984364000066, 14.716600037000029 ], [ 121.01415905600004, 14.716945540000046 ], [ 121.014380333000076, 14.716844606000056 ], [ 121.014500677000115, 14.717768535000062 ], [ 121.014543379000088, 14.71852941700007 ], [ 121.014430800000028, 14.719158309000022 ], [ 121.014609374000088, 14.719173837000028 ], [ 121.014822887000051, 14.719216540000049 ], [ 121.015125687000037, 14.719294181000066 ], [ 121.015158038000095, 14.719300651000028 ], [ 121.015199446000096, 14.71910654900006 ], [ 121.01522920900004, 14.719115607000051 ], [ 121.01539743100011, 14.719115607000058 ], [ 121.015410371000016, 14.71902761400003 ], [ 121.015438314000107, 14.719022125000031 ], [ 121.015555301000077, 14.718999145000057 ], [ 121.01579598800005, 14.719027614000025 ], [ 121.015869986000098, 14.719378829000048 ], [ 121.015882687000044, 14.719439111000044 ], [ 121.017206467000051, 14.719454639000041 ], [ 121.017550142000118, 14.71947495200004 ], [ 121.017698302000085, 14.719483709000031 ], [ 121.017698302000085, 14.719753651000076 ], [ 121.017698302000085, 14.719868512000064 ], [ 121.017971873000064, 14.719868512000064 ], [ 121.018010955, 14.719868512000064 ], [ 121.018011736000076, 14.719895076000059 ], [ 121.018019974000026, 14.720175152000024 ], [ 121.018053172, 14.720174209000055 ], [ 121.018167868000091, 14.720174209000056 ], [ 121.018167868000091, 14.720206707000045 ], [ 121.018307416000098, 14.720206707000045 ], [ 121.018307416000098, 14.72027552500003 ], [ 121.018347560000066, 14.72027552500003 ], [ 121.018347560000066, 14.720403603000021 ], [ 121.01834516800011, 14.720437972000072 ], [ 121.018347560000066, 14.720487714000058 ], [ 121.018415406000045, 14.720486546000076 ], [ 121.018424929000062, 14.720605783000053 ], [ 121.018482949000045, 14.720627541000047 ], [ 121.018707777000017, 14.720591278000033 ], [ 121.018860079000092, 14.720540511000024 ], [ 121.018918099000089, 14.720671056000068 ], [ 121.019012382000028, 14.720979287000034 ], [ 121.019124796000042, 14.720997419000074 ], [ 121.019127431, 14.721109420000063 ], [ 121.019128693000084, 14.722509719000072 ], [ 121.01961432600001, 14.72331244800006 ], [ 121.019913058000057, 14.72344365200007 ], [ 121.020214884000097, 14.724787652000028 ], [ 121.021479164000084, 14.724541330000024 ], [ 121.021997548000073, 14.724420535000041 ], [ 121.022211619000032, 14.724352971000028 ], [ 121.022313323000049, 14.724255672000025 ], [ 121.022237235000034, 14.724132931000039 ], [ 121.022247233000044, 14.724131295000062 ], [ 121.022999478000102, 14.724008266000054 ], [ 121.023252101000026, 14.724047667000033 ], [ 121.023353206000024, 14.724037701000043 ], [ 121.023438921000093, 14.724156096000058 ], [ 121.023504573000068, 14.724243911000027 ], [ 121.023607564000045, 14.724360695000026 ], [ 121.023708820000039, 14.724457787000063 ], [ 121.024067728000091, 14.724791067000067 ], [ 121.024110178000115, 14.724823569000025 ], [ 121.024186834000034, 14.724868341000047 ], [ 121.024338084000078, 14.724945356000035 ], [ 121.024602581000067, 14.725084809000069 ], [ 121.024742920000094, 14.725164389000037 ], [ 121.024965458000125, 14.725281094000026 ], [ 121.025473726000101, 14.725562341000055 ], [ 121.025548474000061, 14.725601739000071 ], [ 121.025584281000064, 14.725623835000023 ], [ 121.025597624000071, 14.725648498000055 ], [ 121.025599499, 14.72567046900002 ], [ 121.025596130000054, 14.725694188000032 ], [ 121.025484668000104, 14.725792901000036 ], [ 121.024886560000013, 14.72624141400007 ], [ 121.024474032000057, 14.726543672000046 ], [ 121.024346517000012, 14.726636730000049 ], [ 121.024130270000114, 14.726786395000033 ], [ 121.024051703000055, 14.726824795000026 ], [ 121.023895967000058, 14.726901940000062 ], [ 121.023763536000047, 14.726947560000038 ], [ 121.02380790200003, 14.727136340000072 ], [ 121.023811607000098, 14.72732648500005 ], [ 121.023819340000045, 14.728058825000055 ], [ 121.023839799000029, 14.728499939000072 ], [ 121.024376517000064, 14.728564438000037 ], [ 121.024899439, 14.728532687000044 ], [ 121.02622533300007, 14.72846244000004 ], [ 121.026442063000104, 14.728549871000043 ], [ 121.027667246000064, 14.728865244000078 ], [ 121.028136006000068, 14.72794986400004 ], [ 121.0290289940001, 14.728308590000042 ], [ 121.02902055200002, 14.72847138700007 ], [ 121.028983787000016, 14.729180348000062 ], [ 121.028787367000078, 14.729425610000018 ], [ 121.027932971000027, 14.72985143400007 ], [ 121.02736084300011, 14.730136578000039 ], [ 121.02732162700012, 14.730574770000032 ], [ 121.027516533000053, 14.730546986000032 ], [ 121.02753240100003, 14.730544724000024 ], [ 121.028043074000038, 14.730683692000072 ], [ 121.0280611620001, 14.73068861400003 ], [ 121.028149506000105, 14.730714379000062 ], [ 121.028157680000035, 14.73094021300005 ], [ 121.028326263000068, 14.730940495000029 ], [ 121.028321110000107, 14.731257767000038 ], [ 121.028311174000024, 14.731869442000058 ], [ 121.027900620000068, 14.732190385000026 ], [ 121.027774994000083, 14.732288591000042 ], [ 121.027785757000046, 14.732652818000076 ], [ 121.028001702000111, 14.73269147700006 ], [ 121.028031816000066, 14.732956144000067 ], [ 121.028081884, 14.733364325000029 ], [ 121.028549346000091, 14.73331547300006 ], [ 121.028572440000048, 14.733174388000064 ], [ 121.029615912000068, 14.733342706000027 ], [ 121.031222490000118, 14.733026773000063 ], [ 121.031244729000036, 14.733022400000042 ], [ 121.031352394000024, 14.733001228000033 ], [ 121.031158582000117, 14.732206911000048 ], [ 121.031908218000012, 14.731987090000077 ], [ 121.032158255000013, 14.733171696000056 ], [ 121.032233535000032, 14.733245990000054 ], [ 121.032317707000061, 14.733376069000029 ], [ 121.03279387900011, 14.734112289000052 ], [ 121.032902513000067, 14.734654643000052 ], [ 121.032928628000036, 14.734785025000065 ], [ 121.033138891000021, 14.734887714000021 ], [ 121.03356188600003, 14.735304790000045 ], [ 121.033590805000017, 14.735334936000072 ], [ 121.033623956000042, 14.735366454000028 ], [ 121.033978766000018, 14.735899964000055 ], [ 121.034541172000118, 14.736003887000038 ], [ 121.03514025700008, 14.736077244000059 ], [ 121.035407706000129, 14.736113923000058 ], [ 121.035940848000109, 14.736097643000049 ], [ 121.035941584000057, 14.736097621000052 ], [ 121.035984344000099, 14.736162399000023 ], [ 121.03639996000004, 14.736150636000044 ], [ 121.036431328000063, 14.735962432000063 ], [ 121.036683071000098, 14.735988064000022 ], [ 121.037353204000055, 14.736003887000038 ], [ 121.03789804500002, 14.736018305000069 ], [ 121.037867033000097, 14.737144654000074 ], [ 121.037865808000106, 14.737173243000028 ], [ 121.037890312000059, 14.737187946000063 ], [ 121.037902565000067, 14.737210001000049 ], [ 121.037901340000076, 14.737361931000072 ], [ 121.037893171000078, 14.737440346000032 ], [ 121.037880102000017, 14.737541633000031 ], [ 121.037865399000111, 14.737582474000023 ], [ 121.037909508000112, 14.737582474000027 ], [ 121.039419359000021, 14.737598432000027 ], [ 121.039424195000052, 14.738008265000076 ], [ 121.039419137000095, 14.739902463000021 ], [ 121.039223176000078, 14.739642524000034 ], [ 121.039101122000034, 14.739757180000028 ], [ 121.039080780000077, 14.739779372000049 ], [ 121.039060014000043, 14.739798288000033 ], [ 121.038778121000064, 14.740063725000033 ], [ 121.03867860700008, 14.740320998000072 ], [ 121.038678689000122, 14.740321001000043 ], [ 121.038590617000082, 14.740548478000049 ], [ 121.038718760000052, 14.740601547000042 ], [ 121.038747237000067, 14.740614491000027 ], [ 121.038767415000066, 14.740554238000074 ], [ 121.039329600000087, 14.740879713000023 ], [ 121.039508057000035, 14.741059865000066 ], [ 121.039536138000017, 14.741062742000056 ], [ 121.039666028000056, 14.741238812000059 ], [ 121.039653947000033, 14.74125003000006 ], [ 121.039643592000061, 14.741262111000028 ], [ 121.039631511000053, 14.741278506000072 ], [ 121.03964618100008, 14.741302668000056 ], [ 121.039660931000071, 14.741331094000026 ], [ 121.039668405000043, 14.741336052000062 ], [ 121.040109453000014, 14.741628624000045 ], [ 121.040829816000056, 14.742106482000054 ], [ 121.040836909000063, 14.742111187000035 ], [ 121.041298092000034, 14.742111815000042 ], [ 121.041516524000045, 14.742112112000028 ], [ 121.041542873000012, 14.74211165300005 ], [ 121.041573400000061, 14.742113753000062 ], [ 121.043565502000106, 14.742118660000076 ], [ 121.043888901000059, 14.742119457000054 ], [ 121.043919318, 14.742119457000051 ], [ 121.04395480900007, 14.742121851000036 ], [ 121.044072248000035, 14.742121851000032 ], [ 121.044072248000035, 14.74212382100006 ], [ 121.044072248000035, 14.742169982000066 ], [ 121.044077383000072, 14.742169982000066 ], [ 121.045369852000022, 14.742169982000059 ], [ 121.04640177400006, 14.742166132000024 ], [ 121.046454274000112, 14.742163859000069 ], [ 121.046512015000076, 14.742163832000074 ], [ 121.046474223000018, 14.742390629000052 ], [ 121.047596759000044, 14.742161832000024 ], [ 121.048052118000115, 14.74208744100002 ], [ 121.048740192000096, 14.742087119000079 ], [ 121.049959969000042, 14.742089111000041 ], [ 121.050251897000052, 14.741633056000074 ], [ 121.050906452000049, 14.741549368000051 ], [ 121.051698493000117, 14.742006660000074 ], [ 121.051816220000092, 14.741862532000029 ], [ 121.051803609000103, 14.74133184700003 ], [ 121.051800952, 14.741284026000073 ], [ 121.051794634000089, 14.740975844000046 ], [ 121.051783958000101, 14.740567632000021 ], [ 121.052119743000048, 14.740570957000044 ], [ 121.052119743000048, 14.740447946000074 ], [ 121.052325869000015, 14.740437973000047 ], [ 121.052339167000028, 14.740304988000046 ], [ 121.052577302000046, 14.740301945000049 ], [ 121.052613584000014, 14.74030368800004 ], [ 121.052613584000014, 14.740044656000062 ], [ 121.05281881700013, 14.740060596000033 ], [ 121.053139619000035, 14.740092477000072 ], [ 121.053308986000047, 14.740118380000069 ], [ 121.053308573000109, 14.740149497000058 ], [ 121.053324461000088, 14.740600709000038 ], [ 121.053326907000056, 14.742122499000061 ], [ 121.0537519720001, 14.742121595000068 ], [ 121.05440313500003, 14.742130639000036 ], [ 121.054401327000051, 14.742241879000062 ], [ 121.054538794000109, 14.742245496000059 ], [ 121.054585823000039, 14.742163197000025 ], [ 121.054595771000095, 14.742152344000035 ], [ 121.054610241000105, 14.742138778000024 ], [ 121.054630138000107, 14.742127021000039 ], [ 121.054646417000086, 14.74211978600005 ], [ 121.054661792000061, 14.742116168000049 ], [ 121.054683497000028, 14.742114359000027 ], [ 121.054869802000113, 14.742173145000034 ], [ 121.054962050000086, 14.742181285000072 ], [ 121.05506696000009, 14.742216556000072 ], [ 121.055710888, 14.742205703000025 ], [ 121.056521224000122, 14.742197564000033 ], [ 121.056941767000012, 14.742190329000032 ], [ 121.056979287000118, 14.742234934000066 ], [ 121.057003556000055, 14.742259202000072 ], [ 121.057032678000027, 14.742286706000069 ], [ 121.057045788000096, 14.742296070000064 ], [ 121.057077978000052, 14.742319064000071 ], [ 121.057092171000036, 14.742319064000071 ], [ 121.05712166100011, 14.742319064000071 ], [ 121.05858908300003, 14.742332007000073 ], [ 121.058613351000076, 14.742332007000066 ], [ 121.058660270000033, 14.742246259000067 ], [ 121.058712042000039, 14.742188015000064 ], [ 121.058788083000081, 14.742105503000062 ], [ 121.058826115000102, 14.742074964000043 ], [ 121.059011384000087, 14.742258850000045 ], [ 121.059074983000073, 14.742314154000042 ], [ 121.059127522000054, 14.742347336000025 ], [ 121.059199417000073, 14.742380519000053 ], [ 121.059286521000104, 14.742410936000056 ], [ 121.059348738000054, 14.742427527000073 ], [ 121.059395747000053, 14.742442736000044 ], [ 121.059438608000036, 14.742451032000069 ], [ 121.059486999000114, 14.742460710000046 ], [ 121.059521564000093, 14.742463475000024 ], [ 121.059604520000121, 14.742467623000044 ], [ 121.059691624000052, 14.742466240000049 ], [ 121.059803614000089, 14.742460710000049 ], [ 121.059856153000069, 14.742453797000056 ], [ 121.059905927000045, 14.742444119000025 ], [ 121.0599570830001, 14.742428910000061 ], [ 121.060013770000083, 14.742406788000039 ], [ 121.060064926000095, 14.742381901000044 ], [ 121.060105022, 14.742358397000029 ], [ 121.060138204000054, 14.742333510000041 ], [ 121.060160326000087, 14.74230862400003 ], [ 121.060200421000104, 14.742260233000023 ], [ 121.060239134000085, 14.742210459000034 ], [ 121.060277847000066, 14.742149624000037 ], [ 121.060400898, 14.742148242000038 ], [ 121.060656680000065, 14.742362545000049 ], [ 121.060796323000105, 14.742164833000063 ], [ 121.061132295000107, 14.742311389000061 ], [ 121.061169625000062, 14.742217372000026 ], [ 121.0611889810001, 14.742155155000034 ], [ 121.06120419, 14.742084642000066 ], [ 121.061215251000036, 14.742005834000054 ], [ 121.061234867000067, 14.742009228000025 ], [ 121.061986524000091, 14.742139290000065 ], [ 121.062246082000115, 14.742173744000068 ], [ 121.06229891200006, 14.742182932000052 ], [ 121.062349445000109, 14.742196714000045 ], [ 121.062432136000112, 14.742221981000057 ], [ 121.062673318000066, 14.742221981000057 ], [ 121.06270547500003, 14.742194417000061 ], [ 121.063564936000034, 14.742178129000022 ], [ 121.063570216000016, 14.742178213000047 ], [ 121.06444470200006, 14.742192168000027 ], [ 121.065021853000061, 14.742195288000062 ], [ 121.065091015, 14.742195218000063 ], [ 121.065664445000039, 14.742176915000078 ], [ 121.065658894000094, 14.742228240000033 ], [ 121.06568599600007, 14.742230247000068 ], [ 121.066429803, 14.742286459000072 ], [ 121.06643288600003, 14.742181919000075 ], [ 121.066695109000094, 14.742188315000023 ], [ 121.066701505000083, 14.742211766000027 ], [ 121.067251535000082, 14.742203238000055 ], [ 121.067254702000028, 14.742203238000055 ], [ 121.06725525, 14.74211537600007 ], [ 121.067258141000011, 14.74059436400006 ], [ 121.067232731000104, 14.73920210400007 ], [ 121.067538687000024, 14.739178142000068 ], [ 121.068119264000075, 14.739170356000045 ], [ 121.068726840000068, 14.739147358000027 ], [ 121.068733134, 14.740353688000027 ], [ 121.069324911000095, 14.740369967000049 ], [ 121.071917972000051, 14.740359532000072 ], [ 121.072761252000078, 14.741033275000067 ], [ 121.073007809000046, 14.741245147000026 ], [ 121.073054017000132, 14.741289159000067 ], [ 121.073134549000102, 14.741227720000039 ], [ 121.073126396000021, 14.741158029000076 ], [ 121.073122497000099, 14.741112953000025 ], [ 121.073121417000038, 14.741075985000069 ], [ 121.073124012000122, 14.741032652000058 ], [ 121.07313990100009, 14.740996614000037 ], [ 121.073228684, 14.740993494000067 ], [ 121.073565184000032, 14.740905249000035 ], [ 121.07383178300006, 14.740732519000066 ], [ 121.074161732000121, 14.740558136000061 ], [ 121.074582041000099, 14.740432941000053 ], [ 121.075039178000097, 14.74019406700006 ], [ 121.075492669000027, 14.74086227200007 ], [ 121.075808872000053, 14.741313927000018 ], [ 121.075901540000018, 14.741437949000046 ], [ 121.075959788000077, 14.74150028400004 ], [ 121.07601108300004, 14.741548051000052 ], [ 121.076096364, 14.741623936000051 ], [ 121.076187670000095, 14.741685693000015 ], [ 121.076304417000074, 14.741747311000037 ], [ 121.076383466000038, 14.741779283000028 ], [ 121.076442367000041, 14.741794812000025 ], [ 121.076930327000028, 14.741941266000026 ], [ 121.077146429000095, 14.741994946000034 ], [ 121.077277029000015, 14.742028316000072 ], [ 121.077404920000063, 14.742069153000042 ], [ 121.077516483000082, 14.74211136700006 ], [ 121.077596671000023, 14.742159909000065 ], [ 121.077654229000018, 14.742209141000044 ], [ 121.077691232000021, 14.742257254000037 ], [ 121.0777384820001, 14.742331639000046 ], [ 121.077772223000011, 14.74240096800003 ], [ 121.077779223000107, 14.742419264000032 ], [ 121.077804841000102, 14.742486227000027 ], [ 121.077831563, 14.742608123000023 ], [ 121.077852056000111, 14.742793453000051 ], [ 121.077927738000085, 14.744484521000061 ], [ 121.07793937200006, 14.744757917000076 ], [ 121.077962458000115, 14.74486413800002 ], [ 121.077987937000117, 14.744943137000067 ], [ 121.078024864000099, 14.745028370000057 ], [ 121.078046604000065, 14.745071207000027 ], [ 121.078067869000051, 14.74511282500003 ], [ 121.078120491000064, 14.745202099000041 ], [ 121.078172199000051, 14.745282704000033 ], [ 121.078242370000098, 14.745362763000058 ], [ 121.078314909000028, 14.745432391000071 ], [ 121.078376805000062, 14.74547391400006 ], [ 121.078444930000046, 14.745524666000053 ], [ 121.078544309000122, 14.745576093000066 ], [ 121.078862595000032, 14.745701059000059 ], [ 121.07890547600006, 14.745717894000052 ], [ 121.079583871000068, 14.74593095100005 ], [ 121.079631940000027, 14.745945034000044 ], [ 121.080085216000043, 14.746076940000023 ], [ 121.080285565000054, 14.746151185000027 ], [ 121.080451468000106, 14.746227727000075 ], [ 121.080473862000076, 14.746238058000079 ], [ 121.080501816000023, 14.746255923000033 ], [ 121.080606543000044, 14.746322849000016 ], [ 121.080668539000044, 14.746362467000038 ], [ 121.080785143000085, 14.746476378000068 ], [ 121.08120926800008, 14.746901344000042 ], [ 121.081446110000115, 14.747143012000038 ], [ 121.081724769000061, 14.747437555000035 ], [ 121.081938782000051, 14.747645782000056 ], [ 121.08223488200008, 14.747933876000046 ], [ 121.082716735000076, 14.748581255000031 ], [ 121.083117863000084, 14.749176789000048 ], [ 121.083373061000088, 14.749570240000025 ], [ 121.083586825000111, 14.749865298000024 ], [ 121.083937412000068, 14.75034921300005 ], [ 121.084039949000058, 14.750506760000063 ], [ 121.084428581000125, 14.751103892000058 ], [ 121.084573986, 14.75132898400005 ], [ 121.08464699600006, 14.751442006000044 ], [ 121.084661997000012, 14.751486622000074 ], [ 121.084684130000028, 14.751552448000036 ], [ 121.084747793000034, 14.751737576000037 ], [ 121.084781533000069, 14.751849308000031 ], [ 121.084827135000069, 14.752390699000046 ], [ 121.084845052000105, 14.752603404000066 ], [ 121.084862946000058, 14.75286332100006 ], [ 121.084923834000065, 14.753630834000031 ], [ 121.084935236000106, 14.753928663000067 ], [ 121.084943381000016, 14.754141416000037 ], [ 121.084995613000032, 14.754787654000038 ], [ 121.085014830000105, 14.755025411000071 ], [ 121.085051457000077, 14.755360346000032 ], [ 121.085103212000021, 14.755667133000037 ], [ 121.085347678000062, 14.756572334000055 ], [ 121.085754971000043, 14.758098188000076 ], [ 121.085840042000072, 14.758376322000057 ], [ 121.085846778000018, 14.758398326000076 ], [ 121.085933859000079, 14.758682793000048 ], [ 121.086565012000065, 14.758500572000058 ], [ 121.086589388000107, 14.758487880000075 ], [ 121.086628274000077, 14.758481023000053 ], [ 121.086735927000049, 14.75848010100003 ], [ 121.087657380000095, 14.758328206000044 ], [ 121.087838086000033, 14.75833340000003 ], [ 121.088951125000094, 14.758365389000062 ], [ 121.089729319000071, 14.758835195000074 ], [ 121.091021261000051, 14.758445970000023 ], [ 121.091851569000028, 14.75885108200003 ], [ 121.093045106000076, 14.759429213000034 ], [ 121.093592937000039, 14.759911052000064 ], [ 121.095482921000112, 14.761407840000059 ], [ 121.095842601000072, 14.76134355700003 ], [ 121.096011460000113, 14.761322715000063 ], [ 121.096600803000129, 14.761568839000065 ], [ 121.097323083000106, 14.761922454000059 ], [ 121.097621369000066, 14.762776548000032 ], [ 121.098019783000055, 14.762209681000057 ], [ 121.098534012000087, 14.762380347000027 ], [ 121.09919845200011, 14.762336460000027 ], [ 121.099529758000017, 14.762415026000038 ], [ 121.099725872, 14.762563555000041 ], [ 121.099798892000081, 14.762714034000055 ], [ 121.099729179000065, 14.765222305000064 ], [ 121.101977884, 14.765484873000048 ], [ 121.104914624000116, 14.762656063000058 ], [ 121.10856354200007, 14.76355030900004 ], [ 121.109682245000045, 14.763837527000021 ], [ 121.110298955000076, 14.765486012000054 ], [ 121.111266422000085, 14.766496326000036 ], [ 121.113244574000078, 14.768538131000074 ], [ 121.11391595200007, 14.769981050000073 ], [ 121.114292688000106, 14.770858340000077 ], [ 121.114652653, 14.772163486000069 ], [ 121.11547291400008, 14.772432946000036 ], [ 121.117315911000105, 14.772960405000049 ], [ 121.11842563900008, 14.773382847000047 ], [ 121.119031387000049, 14.774080507000066 ], [ 121.119596697, 14.774686977000044 ], [ 121.119890276000078, 14.775129153000025 ], [ 121.120193789000041, 14.775384754000074 ], [ 121.120438504000063, 14.775564300000038 ], [ 121.121199222000072, 14.776029560000044 ], [ 121.122859985000105, 14.775741799000059 ], [ 121.123692791000053, 14.775541844000037 ], [ 121.12456953800006, 14.774520612000066 ], [ 121.125135749000037, 14.775459382000063 ], [ 121.125637259000101, 14.775693133000061 ], [ 121.127092816000086, 14.77644056700006 ], [ 121.128834975000018, 14.77756299700008 ], [ 121.129946551000089, 14.777485055000055 ], [ 121.129963857, 14.777325077000054 ], [ 121.130077074000056, 14.777258405000056 ], [ 121.130431820000013, 14.776926301000056 ], [ 121.130533715000084, 14.776850823000075 ], [ 121.130611709000064, 14.77679547300005 ], [ 121.130698509000027, 14.776731317000046 ], [ 121.130787825000084, 14.776658355000052 ], [ 121.131060803000082, 14.77648349700007 ], [ 121.131260820000094, 14.776408019000034 ], [ 121.131408002000057, 14.776348895000069 ], [ 121.131533798000078, 14.776336315000034 ], [ 121.131628146000025, 14.776326252000043 ], [ 121.131722493000112, 14.776331284000037 ], [ 121.131940121000071, 14.776356443000052 ], [ 121.132054596000103, 14.776374054000025 ], [ 121.132117495000102, 14.776390408000054 ], [ 121.132187941000097, 14.776423115000053 ], [ 121.132242033000011, 14.776462112000045 ], [ 121.132605585000078, 14.776847050000073 ], [ 121.132952784000054, 14.777147703000022 ], [ 121.133043358000023, 14.777219408000065 ], [ 121.133121352000103, 14.777283564000069 ], [ 121.133232053000029, 14.777366590000041 ], [ 121.133286145000056, 14.777425714000064 ], [ 121.133429553000028, 14.777552769000069 ], [ 121.13351383700001, 14.777615667000076 ], [ 121.133589315000123, 14.777655922000061 ], [ 121.133677373000069, 14.777681081000029 ], [ 121.133749077000076, 14.777696177000049 ], [ 121.133823297000049, 14.777701209000035 ], [ 121.133883679000064, 14.777696177000053 ], [ 121.133983058000013, 14.777684855000073 ], [ 121.134096275000061, 14.777632020000054 ], [ 121.134144078000077, 14.777589250000061 ], [ 121.134190623000109, 14.777526351000061 ], [ 121.134234652000046, 14.777442068000029 ], [ 121.134247231000018, 14.777369106000041 ], [ 121.134256037000114, 14.777301175000042 ], [ 121.134263585000099, 14.777213118000073 ], [ 121.134297550000056, 14.777102417000041 ], [ 121.13435667400006, 14.777006811000032 ], [ 121.134443474000037, 14.776933849000041 ], [ 121.134520210000119, 14.776872209000029 ], [ 121.134576818000042, 14.776820632000071 ], [ 121.134629653000047, 14.776811827000076 ], [ 121.134750418000067, 14.776779119000025 ], [ 121.134971792000101, 14.776730445000055 ], [ 121.134470749000101, 14.776115032000064 ], [ 121.133864175000113, 14.775387955000044 ], [ 121.133811607000112, 14.775302749000048 ], [ 121.133783860000094, 14.77517682600006 ], [ 121.133746473000087, 14.775060675000081 ], [ 121.133661176000032, 14.774889352000056 ], [ 121.133544283000091, 14.774665538000022 ], [ 121.133469385000012, 14.774538734000028 ], [ 121.133358353000062, 14.774369574000051 ], [ 121.133288351000033, 14.774261170000042 ], [ 121.133243262000065, 14.774118740000064 ], [ 121.133221196, 14.773972512000054 ], [ 121.133330857000033, 14.773490003000061 ], [ 121.13331826700005, 14.773309490000035 ], [ 121.133309325000027, 14.773219607000044 ], [ 121.133240043000114, 14.773120168000046 ], [ 121.133145121000098, 14.773060869000062 ], [ 121.132830780000063, 14.77301190300005 ], [ 121.131599098000052, 14.772800023000054 ], [ 121.131358065000072, 14.772760355000061 ], [ 121.131115229000088, 14.772761014000023 ], [ 121.130660670000111, 14.772763367000035 ], [ 121.130391405000069, 14.772768973000037 ], [ 121.13020958200002, 14.772749060000022 ], [ 121.130103775000052, 14.772699421000025 ], [ 121.129980750000087, 14.772627813000046 ], [ 121.129840586000128, 14.772511793000037 ], [ 121.129531334000049, 14.772123479000076 ], [ 121.129048848000025, 14.771434708000076 ], [ 121.128829117, 14.771027056000031 ], [ 121.128772699000024, 14.770875447000034 ], [ 121.128734240000085, 14.770751301000073 ], [ 121.128727111000117, 14.770609389000075 ], [ 121.128764151000041, 14.770298254000066 ], [ 121.128580829000057, 14.770355134000052 ], [ 121.12842261500009, 14.770381486000071 ], [ 121.128307157000108, 14.770387021000026 ], [ 121.12821550600006, 14.770371020000033 ], [ 121.127829275000053, 14.770085310000066 ], [ 121.127737016000083, 14.770002119000029 ], [ 121.127652685000058, 14.769891168000072 ], [ 121.127636506000059, 14.769791238000039 ], [ 121.127782008000068, 14.769236801000035 ], [ 121.127765832000023, 14.76914129600004 ], [ 121.127737331000048, 14.769021584000029 ], [ 121.127666156000032, 14.768907354000079 ], [ 121.127563392000056, 14.76877784200008 ], [ 121.127268206000053, 14.768388149000028 ], [ 121.126690708000055, 14.767448771000037 ], [ 121.126608698000041, 14.767357647000043 ], [ 121.12647283200009, 14.767236921000064 ], [ 121.124780070000057, 14.766289029000061 ], [ 121.124699318, 14.766218921000071 ], [ 121.124651901000121, 14.766150471000056 ], [ 121.124653838000086, 14.76607718200006 ], [ 121.124882680000042, 14.765444683000055 ], [ 121.124914274000048, 14.765389599000059 ], [ 121.124955942000042, 14.765335155000059 ], [ 121.125389636000037, 14.765074475000061 ], [ 121.125449556000035, 14.765022630000031 ], [ 121.125519351000094, 14.76497135200003 ], [ 121.1255521490001, 14.764895532000025 ], [ 121.125547176000069, 14.764767952000057 ], [ 121.125507132000052, 14.763540367000081 ], [ 121.125512992000026, 14.763458653000042 ], [ 121.12553390000005, 14.763387189000069 ], [ 121.125564852000025, 14.763311481000073 ], [ 121.126026528000025, 14.762896755000046 ], [ 121.126078382000074, 14.762837668000028 ], [ 121.126114310000034, 14.762754468000022 ], [ 121.126102190000111, 14.762687529000058 ], [ 121.126035782000017, 14.762583980000045 ], [ 121.125327371000012, 14.761357092000022 ], [ 121.125296737000113, 14.761276952000058 ], [ 121.12528180400011, 14.761187219000021 ], [ 121.125387979000052, 14.760961883000046 ], [ 121.125402350000059, 14.760866090000029 ], [ 121.125375548000079, 14.760804572000037 ], [ 121.124549350000066, 14.760157812000045 ], [ 121.124244336000061, 14.759810495000066 ], [ 121.124184365000019, 14.759764301000077 ], [ 121.12411357500001, 14.759743155000026 ], [ 121.123577278000084, 14.759802929000047 ], [ 121.123468590000016, 14.759770858000026 ], [ 121.123412274000088, 14.759713458000022 ], [ 121.123365957000047, 14.759635358000024 ], [ 121.123342136000019, 14.759419598000022 ], [ 121.12321421500009, 14.758019242000049 ], [ 121.123186359000101, 14.757926458000043 ], [ 121.12314378300006, 14.757847832000033 ], [ 121.123052577000081, 14.757793005000053 ], [ 121.122941658000073, 14.757765341000034 ], [ 121.122783801000082, 14.757750113000039 ], [ 121.122574080000064, 14.757738961000031 ], [ 121.121776600000089, 14.757727175000069 ], [ 121.121635604000062, 14.757725479000044 ], [ 121.121547425000031, 14.757692329000069 ], [ 121.121487537000021, 14.757645774000022 ], [ 121.121441799000095, 14.757590123000055 ], [ 121.121239279000079, 14.757043186000038 ], [ 121.12122238500001, 14.756909526000076 ], [ 121.121219024000098, 14.756821594000028 ], [ 121.121308388000088, 14.75665059700003 ], [ 121.12144307100003, 14.756422331000065 ], [ 121.121516109000041, 14.756186059000074 ], [ 121.121475844000088, 14.756009117000071 ], [ 121.121412179000131, 14.755837539000025 ], [ 121.121331669000028, 14.755723377000036 ], [ 121.120996996000031, 14.755339565000044 ], [ 121.120949242000037, 14.755267236000062 ], [ 121.120931076000033, 14.75519030300006 ], [ 121.120933316000119, 14.755079704000021 ], [ 121.121287294000012, 14.75389977700007 ], [ 121.121281295, 14.753713312000055 ], [ 121.121244438000062, 14.753550322000024 ], [ 121.121184898000024, 14.753415918000028 ], [ 121.121126948000096, 14.75330260800007 ], [ 121.120949243000041, 14.753094019000065 ], [ 121.120899983000086, 14.753024405000081 ], [ 121.120886335000023, 14.752950203000072 ], [ 121.120873614000061, 14.752831336000042 ], [ 121.12084985500006, 14.752262735000048 ], [ 121.120826323000074, 14.752152299000043 ], [ 121.120772189000036, 14.752021505000069 ], [ 121.120492464000108, 14.751638564000077 ], [ 121.119797344000077, 14.751035993000075 ], [ 121.119665390000023, 14.750899129000061 ], [ 121.119258882000068, 14.750431835000029 ], [ 121.118311800000015, 14.749667880000059 ], [ 121.118250466000063, 14.749586381000029 ], [ 121.118215052000096, 14.749510186000064 ], [ 121.11822157000006, 14.749419337000065 ], [ 121.11873846800006, 14.74770478100004 ], [ 121.118740107000022, 14.747603487000049 ], [ 121.118715245000089, 14.747506824000022 ], [ 121.118659038000033, 14.747389493000068 ], [ 121.117832929000102, 14.746376255000031 ], [ 121.117777403000105, 14.746261218000031 ], [ 121.117764240000042, 14.746158470000067 ], [ 121.117772227000046, 14.746046385000053 ], [ 121.117818276000079, 14.745936032000031 ], [ 121.117977012000097, 14.745614195000027 ], [ 121.11813920200008, 14.745240509000036 ], [ 121.118256742000099, 14.744896614000027 ], [ 121.118356069, 14.744242924000046 ], [ 121.11837770000011, 14.744024601000037 ], [ 121.118381609000053, 14.74382279500003 ], [ 121.118374455000108, 14.743678437000021 ], [ 121.118367072000083, 14.743532162000067 ], [ 121.117636555000118, 14.740768134000062 ], [ 121.117638979000048, 14.740684162000033 ], [ 121.117664321, 14.740594381000049 ], [ 121.118109764000096, 14.739392745000027 ], [ 121.118139412000119, 14.739335796000038 ], [ 121.118185553000117, 14.739273322000029 ], [ 121.118270306000127, 14.739271905000065 ], [ 121.11832746000006, 14.739291397000043 ], [ 121.118415903000027, 14.73932061200003 ], [ 121.119068794000114, 14.73970991700002 ], [ 121.119190846000038, 14.739765756000052 ], [ 121.119317907000095, 14.739778768000065 ], [ 121.119461314000091, 14.739755534000039 ], [ 121.119598516000124, 14.739695272000059 ], [ 121.122346593000088, 14.738127089000043 ], [ 121.122404574000029, 14.738054803000072 ], [ 121.122444482000105, 14.737935082000035 ], [ 121.122423659000106, 14.737828330000072 ], [ 121.122381763000021, 14.737701824000057 ], [ 121.121832202000064, 14.736397242000068 ], [ 121.121784225000056, 14.73627613300005 ], [ 121.121760847000019, 14.736131263000059 ], [ 121.121772403000023, 14.736008689000075 ], [ 121.121795580000025, 14.735754437000031 ], [ 121.121892616000082, 14.735080236000039 ], [ 121.121820391000028, 14.734938620000037 ], [ 121.121605818000049, 14.734878956000049 ], [ 121.121427052000044, 14.734875197000068 ], [ 121.121298806000027, 14.734875197000067 ], [ 121.120972363000092, 14.734728619000069 ], [ 121.120412746000071, 14.734352776000039 ], [ 121.119647159, 14.733807803000049 ], [ 121.119293513000116, 14.733364306000059 ], [ 121.119204129000067, 14.733277862000023 ], [ 121.118702806000087, 14.73293584300006 ], [ 121.11861342300007, 14.732800538000051 ], [ 121.118422998000042, 14.732289388000028 ], [ 121.118384135000042, 14.732093947000067 ], [ 121.11838802200009, 14.731067883000035 ], [ 121.118368590000046, 14.730737135000027 ], [ 121.118022978000127, 14.729928850000022 ], [ 121.118057577000073, 14.729549361000069 ], [ 121.118128494000089, 14.729604519000079 ], [ 121.118199412000067, 14.729641948000053 ], [ 121.118270329000083, 14.729673466000065 ], [ 121.118347156000027, 14.729703015000045 ], [ 121.118414134000091, 14.729714835000042 ], [ 121.118518540000082, 14.729726654000046 ], [ 121.118613097000079, 14.729730594000044 ], [ 121.118697804, 14.729722715000035 ], [ 121.11877660100005, 14.729703015000043 ], [ 121.118829789000074, 14.729683316000035 ], [ 121.118873127000029, 14.729657707000056 ], [ 121.118916466000101, 14.729628158000022 ], [ 121.118953892000022, 14.72959246100004 ], [ 121.118989210000109, 14.729549507000057 ], [ 121.119034074000083, 14.729485552000028 ], [ 121.119082755000022, 14.729408235000044 ], [ 121.119139073000042, 14.729315644000049 ], [ 121.119186800000065, 14.729226872000023 ], [ 121.119240254000033, 14.729137145000035 ], [ 121.119278436000073, 14.729059827000071 ], [ 121.119311845000098, 14.728988237000065 ], [ 121.119341435000024, 14.728907101000058 ], [ 121.119365299000037, 14.728832647000045 ], [ 121.119388208000032, 14.728752466000062 ], [ 121.119404435000092, 14.728682784000055 ], [ 121.119431162000069, 14.728520512000051 ], [ 121.119453117000035, 14.728400240000038 ], [ 121.119473162000077, 14.728281877000025 ], [ 121.119490344000027, 14.728197878000064 ], [ 121.119508480000036, 14.728129151000074 ], [ 121.11953234300006, 14.72804801500007 ], [ 121.119605843000059, 14.727827516000044 ], [ 121.11965070600003, 14.727710108000053 ], [ 121.119682206000107, 14.727630881000039 ], [ 121.119739896000041, 14.727502606000035 ], [ 121.119816723000113, 14.727372590000071 ], [ 121.119885670000031, 14.727256365000072 ], [ 121.119944768000096, 14.727161808000062 ], [ 121.119994016000078, 14.727084981000075 ], [ 121.120031445000095, 14.72702785300004 ], [ 121.120076753000035, 14.726937236000026 ], [ 121.120120092000107, 14.726842680000065 ], [ 121.120189039000024, 14.72670675500007 ], [ 121.120320095000011, 14.726522029000028 ], [ 121.120484234000045, 14.72654186100004 ], [ 121.120917922000118, 14.726641327000035 ], [ 121.121107203000065, 14.726663020000045 ], [ 121.121215973000062, 14.72666201200008 ], [ 121.121372528000038, 14.726598954000057 ], [ 121.12145707600007, 14.726492812000059 ], [ 121.121499811000035, 14.726338887000052 ], [ 121.121454855000039, 14.726179922000027 ], [ 121.121349699, 14.726071308000032 ], [ 121.121150575000101, 14.725935354000056 ], [ 121.121041210000058, 14.725795842000027 ], [ 121.121064491000098, 14.725659235000023 ], [ 121.121422743000039, 14.725149641000032 ], [ 121.121547342000085, 14.725103087000038 ], [ 121.121698775000027, 14.725227084000041 ], [ 121.121838874000105, 14.725534979000026 ], [ 121.121939057000077, 14.725669865000043 ], [ 121.122350914000094, 14.726410393000039 ], [ 121.122504339000102, 14.726774597000032 ], [ 121.122628249000059, 14.726947318000045 ], [ 121.122761820000051, 14.727030915000054 ], [ 121.123115700000085, 14.727274896000042 ], [ 121.123503839000023, 14.727668790000054 ], [ 121.123595401000102, 14.72781464600007 ], [ 121.123796695000024, 14.728356507000054 ], [ 121.124026632000096, 14.72780380600005 ], [ 121.124339831000043, 14.727401122000062 ], [ 121.124608287000129, 14.727244522000039 ], [ 121.124854372000073, 14.727099109000047 ], [ 121.125156386000086, 14.72689776600004 ], [ 121.125480770000081, 14.726785909000061 ], [ 121.125760412000091, 14.726763538000053 ], [ 121.126140726000031, 14.726651681000025 ], [ 121.126666452000123, 14.726618124000026 ], [ 121.126800499000069, 14.726740300000074 ], [ 121.127031287000037, 14.726819634000041 ], [ 121.127276500000107, 14.726898968000061 ], [ 121.127485653, 14.726978301000029 ], [ 121.127766926000035, 14.727108120000024 ], [ 121.127932806000103, 14.727252363000044 ], [ 121.128163594000043, 14.727374969000042 ], [ 121.128516990000094, 14.727641819000041 ], [ 121.128992991000032, 14.727908668000056 ], [ 121.129267053000021, 14.728125032000037 ], [ 121.129425720000086, 14.728334185000051 ], [ 121.129483417000074, 14.728557761000047 ], [ 121.129461781000046, 14.72888230800004 ], [ 121.129454569000018, 14.729120309000054 ], [ 121.129493866000089, 14.729312865000056 ], [ 121.129584387000023, 14.729026551000059 ], [ 121.129663721000057, 14.728853459000051 ], [ 121.12977190300002, 14.728673156000069 ], [ 121.129901722000128, 14.728391882000038 ], [ 121.129872873000068, 14.728045699000061 ], [ 121.129858449000039, 14.727829334000036 ], [ 121.130038753, 14.727468727000026 ], [ 121.130305602000035, 14.727043210000028 ], [ 121.130543603000092, 14.726906180000071 ], [ 121.130853725000065, 14.726473451000059 ], [ 121.131048453000062, 14.725990237000078 ], [ 121.131243181000045, 14.725514235000045 ], [ 121.131380212000053, 14.724987749000032 ], [ 121.131459546000087, 14.72468483800003 ], [ 121.131502818000072, 14.724533383000052 ], [ 121.131532800000059, 14.724144300000027 ], [ 121.131469, 14.72361330000007 ], [ 121.131184431000065, 14.723201714000028 ], [ 121.130987955000023, 14.722917543000053 ], [ 121.130229325000087, 14.722638601000032 ], [ 121.129459537000116, 14.722563518000072 ], [ 121.128828969000097, 14.722416098000055 ], [ 121.128496692000098, 14.722149664000034 ], [ 121.127952405000087, 14.721880154000077 ], [ 121.127402897000039, 14.721974968000037 ], [ 121.126667572000088, 14.721929496000026 ], [ 121.1261703670001, 14.721620240000048 ], [ 121.125815270000103, 14.72139937300005 ], [ 121.125722316000065, 14.721263136000061 ], [ 121.125343789000098, 14.720708356000044 ], [ 121.125063575, 14.719831102000057 ], [ 121.125277079000071, 14.719084901000031 ], [ 121.125503516000094, 14.718553780000033 ], [ 121.12559519300008, 14.717889362000049 ], [ 121.12562594200007, 14.717823816000077 ] ] ] ] } }
]
}
